Time (s),Gyroscope X (deg/s),Gyroscope Y (deg/s),Gyroscope Z (deg/s),Accelerometer X (g),Accelerometer Y (g),Accelerometer Z (g),Magnetometer X (uT),Magnetometer Y (uT),Magnetometer Z (uT)
22.2,-4.584502,-3.668129,-0.950910899999997,0.3516985,0.07926644,0.9157384,-16.25111,-26.26098,-11.47592
22.21,-4.02706,-4.600161,-0.705459200000001,0.3527021,0.08124323,0.9205438,-16.25111,-26.26098,-11.47592
22.22,-3.159927,-5.706948,-0.03046724,0.366876,0.08044211,0.9189669,-16.25111,-26.26098,-11.47592
22.23,-2.168918,-5.590444,0.3377102,0.3762894,0.08989085,0.9419905,-17.37389,-26.26107,-11.47008
22.24,-1.859228,-4.134145,0.3377102,0.3777137,0.0942773,0.9429668,-17.37389,-26.26107,-11.47008
22.25,-1.549538,-3.668129,-0.03046724,0.3716394,0.1033645,0.9334804,-17.37389,-26.26107,-11.47008
22.26,-1.054033,-3.318618,-0.214556,0.3670945,0.1129905,0.9307057,-17.37389,-26.26107,-11.47008
22.27,-0.806281,-2.561342,-0.4600076,0.3681751,0.1076903,0.9345016,-17.37389,-26.26107,-11.47008
22.28,-0.806281,-1.862319,-0.214556,0.3805079,0.1005829,0.936741,-17.00795,-25.51028,-11.08887
22.29,-0.1869005,-1.279799,0.583161800000002,0.3903947,0.0944199,0.9399695,-17.00795,-25.51028,-11.08887
22.3,0.1227897,-0.5225234,1.196791,0.3991961,0.09355453,0.9389221,-17.00795,-25.51028,-11.08887
22.31,0.618294100000002,0.1182482,1.258154,0.4020893,0.09405792,0.9355375,-17.00795,-25.51028,-11.08887
22.32,0.742170199999999,0.9920276,1.258154,0.3927189,0.09585113,0.9298743,-17.00795,-25.51028,-11.08887
22.33,1.299613,1.574547,0.828613499999998,0.3759929,0.09656584,0.9209107,-16.25111,-26.26098,-11.47592
22.34,1.237675,1.632799,0.460436,0.3704855,0.09789482,0.9099269,-16.25111,-26.26098,-11.47592
22.35,1.795117,0.5260119,0.03089567,0.3575524,0.1068894,0.8990628,-16.25111,-26.26098,-11.47592
22.36,1.980931,-0.1730116,-0.3372818,0.3607763,0.1160971,0.8904514,-16.25111,-26.26098,-11.47592
22.37,1.547365,-1.163295,-0.705459200000001,0.3637763,0.1171439,0.8981132,-16.25111,-26.26098,-11.47592
22.38,0.5563561,-1.862319,-0.644096300000003,0.3695981,0.1254863,0.9033967,-16.62399,-26.25945,-11.0885
22.39,-0.1249625,-2.619594,-0.3372818,0.3749199,0.1264997,0.8990328,-16.62399,-26.25945,-11.0885
22.4,-0.4965908,-3.318618,-0.2759189,0.3823175,0.1261366,0.9047239,-16.62399,-26.25945,-11.0885
22.41,-0.992095199999997,-3.726381,0.2763473,0.3765562,0.1168501,0.9042351,-16.62399,-26.25945,-11.0885
22.42,-1.4876,-4.250649,0.2763473,0.3706168,0.1191783,0.8999841,-16.62399,-26.25945,-11.0885
22.43,-1.735352,-4.833169,0.3990731,0.3753309,0.1289043,0.8942434,-17.74192,-26.63413,-11.08151
22.44,-2.168918,-5.240932,-0.09183015,0.3812418,0.1314393,0.901408,-17.74192,-26.63413,-11.08151
22.45,-2.850237,-6.23121499999997,-0.889547900000002,0.3756475,0.1400402,0.8904734,-17.74192,-26.63413,-11.08151
22.46,NaN,NaN,NaN,NaN,NaN,NaN,NaN,NaN,NaN
22.47,-3.097989,-6.05646000000001,-0.582733500000001,0.3867074,0.1261861,0.9037233,-17.74192,-26.63413,-11.08151
22.48,-3.345741,-5.47394,-0.09183015,0.3818237,0.126128,0.9042482,-17.74192,-26.63413,-11.08151
22.49,-4.150936,-5.18268,0.03089567,0.3887425,0.1282031,0.9138012,-17.37736,-25.88491,-11.08576
22.5,-4.64644,-5.007925,0.0922585699999997,0.3921254,0.1282253,0.9099288,-17.37736,-25.88491,-11.08576
22.51,-4.460626,-4.774917,-0.2759189,0.3911451,0.1189434,0.8988324,-17.37736,-25.88491,-11.08576
22.52,-4.274812,-4.716664,-0.3986447,0.3912684,0.113154,0.9040744,-17.37736,-25.88491,-11.08576
22.53,-4.460626,-4.949672,-0.828185100000001,0.387853,0.1121393,0.9036191,-17.37736,-25.88491,-11.08576
22.54,-4.584502,-5.066176,-0.889547900000002,0.3874426,0.1068081,0.9050279,-17.37389,-26.26107,-11.47008
22.55,-4.708378,-4.89142,-1.012274,0.3910845,0.09916022,0.9174273,-17.37389,-26.26107,-11.47008
22.56,-4.832254,-5.299184,-0.950910899999997,0.3900538,0.09863271,0.9116714,-17.37389,-26.26107,-11.47008
22.57,-5.018068,-5.47394,-0.705459200000001,0.3862551,0.09620348,0.919853,-17.37389,-26.26107,-11.47008
22.58,-5.141944,-5.998208,-0.766822200000002,0.3946388,0.08317398,0.911526,-17.37389,-26.26107,-11.47008
22.59,-4.584502,-5.706948,-0.4600076,0.3907408,0.08410773,0.9139691,-17.00933,-25.51185,-11.47433
22.6,-4.088998,-5.18268,-0.5213705,0.3858023,0.08987471,0.9159738,-17.00933,-25.51185,-11.47433
22.61,-4.398688,-5.47394,-0.3986447,0.3911949,0.09238841,0.9202621,-17.00933,-25.51185,-11.47433
22.62,-4.956131,-5.357436,-0.1531931,0.3946442,0.08561579,0.9149033,-17.00933,-25.51185,-11.47433
22.63,-5.018068,-5.357436,-0.09183015,0.3911968,0.08604789,0.9130175,-17.00933,-25.51185,-11.47433
22.64,-5.018068,-4.833169,-0.09183015,0.3898276,0.07827553,0.9134585,-17.00011,-25.88148,-10.25253
22.65,-5.018068,-4.541909,0.0922585699999997,0.3953806,0.0681897,0.9186217,-17.00011,-25.88148,-10.25253
22.66,-4.770316,-4.425405,0.767250500000003,0.4009478,0.05567227,0.9223281,-17.00011,-25.88148,-10.25253
22.67,-4.274812,-4.483657,1.074065,0.4062941,0.05669846,0.9203649,-17.00011,-25.88148,-10.25253
22.68,-3.283803,-4.308901,1.074065,0.4048017,0.05471559,0.9155639,-17.00011,-25.88148,-10.25253
22.69,-2.354732,-3.551625,0.951339199999998,0.4009362,0.05664185,0.9223346,-17.37598,-25.88334,-10.7003
22.7,-1.921166,-3.493374,0.767250500000003,0.3969571,0.0643627,0.9248238,-17.37598,-25.88334,-10.7003
22.71,-1.735352,-3.493374,0.705887599999999,0.3996686,0.07306426,0.9133328,-17.37598,-25.88334,-10.7003
22.72,-2.045042,-3.551625,1.074065,0.4163942,0.0699103,0.9193991,-17.37598,-25.88334,-10.7003
22.73,NaN,NaN,NaN,NaN,NaN,NaN,NaN,NaN,NaN
22.74,-1.611476,-2.677846,1.442243,0.4306189,0.06279413,0.9153789,-17.37598,-25.88334,-10.7003
22.75,-0.682404900000003,-1.629311,1.687694,0.4241689,0.06364146,0.9072816,-17.74815,-26.2611,-11.46813
22.76,-0.2488386,-1.105043,1.442243,0.4176644,0.07275319,0.9035612,-17.74815,-26.2611,-11.46813
22.77,0.3705419,-0.755531299999998,1.074065,0.4121498,0.0779809,0.8964446,-17.74815,-26.2611,-11.46813
22.78,0.680232200000002,-0.755531299999998,0.705887599999999,0.4061788,0.08419504,0.8936602,-17.74815,-26.2611,-11.46813
22.79,0.5563561,-0.5225234,0.767250500000003,0.3998066,0.08800974,0.8966256,-18.12588,-25.88497,-11.08187
22.8,0.1847278,-0.6972793,0.583161800000002,0.3943481,0.09473003,0.8967208,-18.12588,-25.88497,-11.08187
22.81,-0.1869005,-1.046791,0.6445247,0.4021397,0.1006651,0.9005296,-18.12588,-25.88497,-11.08187
22.82,-0.1249625,-1.221547,0.6445247,0.4089352,0.1031639,0.8985627,-18.12588,-25.88497,-11.08187
22.83,-0.001086392,-1.221547,0.6445247,0.4125029,0.09059923,0.8979659,-18.12588,-25.88497,-11.08187
22.84,-0.1869005,-1.105043,0.951339199999998,0.4154694,0.09114084,0.9017833,-17.75162,-25.88494,-11.08382
22.85,-0.1869005,-1.105043,1.135428,0.4103631,0.07950781,0.9147173,-17.75162,-25.88494,-11.08382
22.86,0.43248,-1.046791,1.012702,0.4102741,0.07994928,0.9065584,-17.75162,-25.88494,-11.08382
22.87,0.742170199999999,-1.105043,0.951339199999998,0.4077322,0.0930389,0.9124309,-17.75162,-25.88494,-11.08382
22.88,0.494418,-0.813783199999999,0.5217989,0.4106306,0.09598409,0.9124237,-17.75162,-25.88494,-11.08382
22.89,0.3086039,-0.639027300000002,0.3377102,0.4051044,0.1021814,0.9053138,-17.76132,-25.13575,-11.08613
22.9,-0.4346527,-0.639027300000002,0.460436,0.4001187,0.1069482,0.9015504,-17.76132,-25.13575,-11.08613
22.91,-0.6204669,-0.580775400000001,0.2763473,0.4035336,0.1108894,0.9053864,-17.76132,-25.13575,-11.08613
22.92,-0.806281,-0.639027300000002,0.5217989,0.4065194,0.1036361,0.9019493,-17.76132,-25.13575,-11.08613
22.93,-0.806281,-0.2895156,1.012702,0.412441,0.1003231,0.903313,-17.76132,-25.13575,-11.08613
22.94,-0.8682191,0.001744238,1.135428,0.4106177,0.08963593,0.9037388,-17.37598,-25.88334,-10.7003
22.95,-0.9301572,0.2347521,1.196791,0.4022849,0.08561868,0.8970669,-17.37598,-25.88334,-10.7003
22.96,-0.9301572,-0.1147597,1.319517,0.3954706,0.08798821,0.9029076,-17.37598,-25.88334,-10.7003
22.97,-1.239847,-0.4642715,1.319517,0.3939603,0.09038631,0.901497,-17.37598,-25.88334,-10.7003
22.98,-1.239847,-1.163295,1.319517,0.3944612,0.0864962,0.8981054,-17.37598,-25.88334,-10.7003
22.99,-1.363724,-1.745815,1.38088,0.4022487,0.09730721,0.9072285,-18.50983,-25.13581,-11.08223
23,-1.239847,-1.745815,1.258154,0.4021677,0.1040943,0.9072744,-18.50983,-25.13581,-11.08223
23.01,NaN,NaN,NaN,NaN,NaN,NaN,NaN,NaN,NaN
23.02,-1.363724,-1.396303,0.705887599999999,0.4080781,0.1041901,0.9115418,-18.50983,-25.13581,-11.08223
23.03,-1.921166,-0.580775400000001,0.5217989,0.4055479,0.1109443,0.91113,-18.50983,-25.13581,-11.08223
23.04,-2.230856,-0.755531299999998,0.3377102,0.3951566,0.1122151,0.9006711,-18.50983,-25.13581,-11.08223
23.05,-2.478608,-0.8720351,0.3377102,0.4001468,0.1050116,0.9020175,-18.12588,-25.88497,-11.08187
23.06,-2.602484,-0.813783199999999,0.0922585699999997,0.3933735,0.101061,0.9044545,-18.12588,-25.88497,-11.08187
23.07,-2.974113,-0.930287099999998,0.0922585699999997,0.3888397,0.107278,0.898776,-18.12588,-25.88497,-11.08187
23.08,-3.903184,-1.862319,-0.03046724,0.3942688,0.1059083,0.9020778,-18.12588,-25.88497,-11.08187
23.09,-4.770316,-2.910854,-0.03046724,0.3864368,0.1087326,0.9045698,-18.12588,-25.88497,-11.08187
23.1,-5.575511,-3.37687,-0.4600076,0.3913669,0.09954663,0.8977408,-17.75162,-25.88494,-11.08382
23.11,-5.82326300000003,-3.726381,-0.4600076,0.3986723,0.09328191,0.8875481,-17.75162,-25.88494,-11.08382
23.12,-5.82326300000003,-3.609878,-0.2759189,0.3899978,0.08640843,0.891904,-17.75162,-25.88494,-11.08382
23.13,-6.194891,-3.901137,-0.03046724,0.394906,0.09184518,0.9000576,-17.75162,-25.88494,-11.08382
23.14,-6.814272,-4.075893,0.2763473,0.4077541,0.07841613,0.8974484,-17.75162,-25.88494,-11.08382
23.15,-7.00008600000001,-4.716664,0.460436,0.4138938,0.0630215,0.905932,-18.13557,-25.13578,-11.08418
23.16,-6.38070599999998,-4.600161,0.767250500000003,0.427375,0.04577113,0.9128947,-18.13557,-25.13578,-11.08418
23.17,-7.00008600000001,-2.677846,0.3377102,0.4504473,0.03927708,0.9140786,-18.13557,-25.13578,-11.08418
23.18,-5.018068,-2.037075,1.012702,0.434037,0.02552189,0.9189402,-18.13557,-25.13578,-11.08418
23.19,-4.088998,-2.21183,0.951339199999998,0.4384586,0.02168546,0.916473,-18.13557,-25.13578,-11.08418
23.2,-2.478608,-1.629311,0.951339199999998,0.4384163,0.0260537,0.9174629,-18.13557,-25.13578,-11.08418
23.21,-0.9301572,-0.2895156,1.38088,0.4384488,0.04777353,0.8984009,-18.13557,-25.13578,-11.08418
23.22,-0.4346527,-0.639027300000002,0.767250500000003,0.4351834,0.04781255,0.9137964,-18.13557,-25.13578,-11.08418
23.23,-0.2488386,-0.2312636,1.012702,0.4369884,0.05507562,0.9075861,-18.13557,-25.13578,-11.08418
23.24,-0.3727147,0.2347521,1.626331,0.4410271,0.04689801,0.9103752,-18.13557,-25.13578,-11.08418
23.25,-0.3727147,0.759019800000003,2.23996,0.4320633,0.05353249,0.9023396,-18.13072,-25.51037,-11.08303
23.26,-0.1869005,1.166783,2.669501,0.4314903,0.05397044,0.8946653,-18.13072,-25.51037,-11.08303
23.27,0.43248,1.749303,2.669501,0.4290727,0.05005154,0.8927409,-18.13072,-25.51037,-11.08303
23.28,NaN,NaN,NaN,NaN,NaN,NaN,NaN,NaN,NaN
23.29,1.05186,2.098815,2.792227,0.4246257,0.05436257,0.8932909,-18.13072,-25.51037,-11.08303
23.3,1.299613,1.807555,2.730864,0.4236809,0.0577822,0.9005248,-18.13072,-25.51037,-11.08303
23.31,1.175737,1.632799,2.546775,0.4166663,0.06785235,0.8958552,-18.87301,-25.88346,-10.69251
23.32,0.3705419,1.225035,2.853589,0.4196199,0.06741164,0.8972654,-18.87301,-25.88346,-10.69251
23.33,0.43248,0.759019800000003,2.914952,0.4138364,0.06494283,0.9025842,-18.87301,-25.88346,-10.69251
23.34,0.5563561,0.351256,3.099041,0.4192165,0.06891345,0.9073625,-18.87301,-25.88346,-10.69251
23.35,0.680232200000002,0.5842639,3.221767,0.4241105,0.06605013,0.9044172,-18.87301,-25.88346,-10.69251
23.36,1.113798,0.700767799999999,2.976315,0.4191983,0.06548933,0.9015779,-18.13695,-25.13735,-11.46965
23.37,1.733179,0.5260119,2.546775,0.4128698,0.06688769,0.9059672,-18.13695,-25.13735,-11.46965
23.38,1.671241,0.642515800000001,1.933146,0.4161012,0.08000177,0.9026636,-18.13695,-25.13735,-11.46965
23.39,1.671241,0.1182482,1.564968,0.4077593,0.08622377,0.9071037,-18.13695,-25.13735,-11.46965
23.4,1.237675,0.001744238,0.951339199999998,0.3953855,0.09428542,0.9019901,-18.13695,-25.13735,-11.46965
23.41,0.43248,-0.3477675,0.767250500000003,0.3919528,0.09472515,0.9015445,-18.87924,-25.51043,-11.07913
23.42,-0.1869005,-0.813783199999999,0.705887599999999,0.3955142,0.08557189,0.9043316,-18.87924,-25.51043,-11.07913
23.43,-0.3107767,-1.279799,0.828613499999998,0.4029723,0.07353296,0.9022617,-18.87924,-25.51043,-11.07913
23.44,-0.001086392,-1.571059,0.767250500000003,0.4051566,0.0609934,0.9098406,-18.87924,-25.51043,-11.07913
23.45,0.2466658,-1.804067,0.951339199999998,0.4164784,0.04800289,0.9019668,-18.87924,-25.51043,-11.07913
23.46,0.5563561,-2.037075,0.767250500000003,0.4184107,0.04996636,0.901962,-19.2535,-25.51046,-11.07719
23.47,1.175737,-2.328334,0.5217989,0.4195144,0.04272699,0.9057448,-19.2535,-25.51046,-11.07719
23.48,1.547365,-2.153579,-0.1531931,0.4203622,0.04413491,0.8947027,-19.2535,-25.51046,-11.07719
23.49,2.042869,-1.804067,-0.1531931,0.4223234,0.04904025,0.9009593,-19.2535,-25.51046,-11.07719
23.5,2.414498,-1.978823,-0.766822200000002,0.4192584,0.06210596,0.9034755,-19.2535,-25.51046,-11.07719
23.51,2.786126,-2.270082,-1.196362,0.4164632,0.08238085,0.8930729,-19.63883,-24.76287,-11.46302
23.52,2.97194,-1.978823,-1.687266,0.4203932,0.09073206,0.904616,-19.63883,-24.76287,-11.46302
23.53,2.97194,-1.745815,-1.748629,0.4244133,0.08205692,0.9050012,-19.63883,-24.76287,-11.46302
23.54,2.786126,-1.862319,-1.687266,0.4257004,0.09710371,0.9050896,-19.63883,-24.76287,-11.46302
23.55,2.228683,-1.978823,-1.932717,0.4216269,0.1081901,0.9023201,-19.63883,-24.76287,-11.46302
23.56,NaN,NaN,NaN,NaN,NaN,NaN,NaN,NaN,NaN
23.57,1.795117,-1.338051,-2.178169,0.4249693,0.1116058,0.8984707,-18.50013,-25.885,-11.07993
23.58,1.299613,-0.755531299999998,-2.791798,0.4233914,0.1188467,0.8961328,-18.50013,-25.885,-11.07993
23.59,0.804108299999999,-0.5225234,-3.282701,0.4252565,0.1227264,0.8918199,-18.50013,-25.885,-11.07993
23.6,-0.5585288,-0.639027300000002,-3.89633,0.4197106,0.1396452,0.895345,-18.50013,-25.885,-11.07993
23.61,-1.363724,-0.6972793,-4.387233,0.414213,0.1409793,0.8853214,-18.50013,-25.885,-11.07993
23.62,-2.292794,-0.755531299999998,-4.9395,0.4089734,0.1404965,0.8983309,-18.12934,-25.5088,-10.69756
23.63,-3.097989,-0.8720351,-5.491766,0.4080461,0.13173,0.8929994,-18.12934,-25.5088,-10.69756
23.64,-4.02706,-1.454555,-5.675855,0.4052674,0.1249447,0.9001822,-18.12934,-25.5088,-10.69756
23.65,-4.894192,-1.571059,-5.859943,0.4058631,0.1093966,0.8923906,-18.12934,-25.5088,-10.69756
23.66,-5.513573,-2.095326,-5.98266900000002,0.408023,0.09684434,0.8975687,-18.12934,-25.5088,-10.69756
23.67,-5.82326300000003,-2.444838,-5.79858000000001,0.4071757,0.08714397,0.8989524,-18.50498,-25.5104,-11.08108
23.68,-6.25683000000001,-2.969106,-5.614491,0.4156409,0.07513249,0.8997545,-18.50498,-25.5104,-11.08108
23.69,-6.75233400000001,-3.08561,-5.307677,0.4202455,0.0650498,0.9078074,-18.50498,-25.5104,-11.08108
23.7,-7.309776,-3.08561,-4.632685,0.4297049,0.04671757,0.9027962,-18.50498,-25.5104,-11.08108
23.71,-7.309776,-2.619594,-3.773605,0.4367499,0.03080952,0.9035854,-18.50498,-25.5104,-11.08108
23.72,-6.25683000000001,-1.862319,-3.344064,0.4359146,0.01721298,0.9015819,-18.5133,-24.75964,-10.69792
23.73,-4.584502,-1.512807,-2.975887,0.4272108,0.01032422,0.903057,-18.5133,-24.75964,-10.69792
23.74,-2.664423,-1.512807,-2.914524,0.4134167,0.01448929,0.8979306,-18.5133,-24.75964,-10.69792
23.75,-1.859228,-1.629311,-1.871354,0.4079888,0.02317679,0.9033204,-18.5133,-24.75964,-10.69792
23.76,-1.611476,-2.270082,-1.319088,0.4079692,0.02853245,0.9076777,-18.5133,-24.75964,-10.69792
23.77,-1.425662,-3.202114,-0.3986447,0.4035142,0.0318637,0.9063005,-18.50983,-25.13581,-11.08223
23.78,-1.054033,-4.017641,-0.03046724,0.4058258,0.04548355,0.9092509,-18.50983,-25.13581,-11.08223
23.79,-0.9301572,-3.784633,0.951339199999998,0.4146476,0.04414102,0.9096405,-18.50983,-25.13581,-11.08223
23.8,-0.5585288,-3.493374,1.503605,0.4272401,0.04716435,0.9013815,-18.50983,-25.13581,-11.08223
23.81,-0.06302445,-3.08561,1.81042,0.4291724,0.04912782,0.9013767,-18.50983,-25.13581,-11.08223
23.82,0.2466658,-2.619594,1.81042,0.4246342,0.0577816,0.8981152,-18.13072,-25.51037,-11.08303
23.83,NaN,NaN,NaN,NaN,NaN,NaN,NaN,NaN,NaN
23.84,0.43248,-2.444838,1.933146,0.4245883,0.05873335,0.8947608,-18.13072,-25.51037,-11.08303
23.85,0.3086039,-2.328334,1.933146,0.4225536,0.06988733,0.9001358,-18.13072,-25.51037,-11.08303
23.86,0.1227897,-2.50309,1.687694,0.4191426,0.07180183,0.9035411,-18.13072,-25.51037,-11.08303
23.87,-0.06302445,-2.619594,1.81042,0.4204899,0.07809942,0.8992492,-18.13072,-25.51037,-11.08303
23.88,-0.1869005,-2.561342,1.871783,0.4303028,0.07482478,0.8986565,-18.50983,-25.13581,-11.08223
23.89,-0.4346527,-2.619594,2.117234,0.4298389,0.07190485,0.8976811,-18.50983,-25.13581,-11.08223
23.9,-0.744343000000003,-2.444838,2.055871,0.4407377,0.06040596,0.8979838,-18.50983,-25.13581,-11.08223
23.91,-0.2488386,-1.745815,2.117234,0.4388446,0.05846288,0.9018296,-18.50983,-25.13581,-11.08223
23.92,0.0608516599999998,-1.396303,1.994509,0.4343767,0.06081181,0.8980453,-18.88271,-25.13427,-10.69482
23.93,0.2466658,-1.279799,1.687694,0.4289845,0.06073737,0.8966542,-18.88271,-25.13427,-10.69482
23.94,-0.001086392,-1.221547,1.503605,0.4313981,0.06416637,0.8976151,-18.88271,-25.13427,-10.69482
23.95,-0.1249625,-1.105043,1.135428,0.4239565,0.06987242,0.8938806,-18.88271,-25.13427,-10.69482
23.96,-0.2488386,-1.396303,1.196791,0.4259476,0.07186646,0.8996374,-18.88271,-25.13427,-10.69482
23.97,-0.5585288,-1.396303,0.951339199999998,0.4297601,0.08015652,0.8996574,-18.502,-25.507,-10.2459
23.98,-0.806281,-1.571059,0.767250500000003,0.4362333,0.07200418,0.9014638,-18.502,-25.507,-10.2459
23.99,-0.682404900000003,-1.279799,0.767250500000003,0.4366545,0.07148723,0.8942541,-18.502,-25.507,-10.2459
24,-0.806281,-0.8720351,0.5217989,0.4382092,0.06618547,0.8966052,-18.502,-25.507,-10.2459
24.01,-0.682404900000003,-0.813783199999999,0.2149844,0.4337592,0.06951927,0.8957083,-18.502,-25.507,-10.2459
24.02,-0.682404900000003,-0.4642715,-0.1531931,0.437244,0.0647164,0.8961242,-18.50845,-25.13424,-10.69677
24.03,-0.744343000000003,-0.2895156,-0.3372818,0.4305454,0.05739006,0.9018992,-18.50845,-25.13424,-10.69677
24.04,-0.806281,-0.3477675,-0.214556,0.4349203,0.05499272,0.896561,-18.50845,-25.13424,-10.69677
24.05,-0.992095199999997,-0.5225234,-0.214556,0.434935,0.05500037,0.8980014,-18.50845,-25.13424,-10.69677
24.06,-0.806281,-0.2895156,-0.3372818,0.4324391,0.05640655,0.8946728,-18.50845,-25.13424,-10.69677
24.07,-0.4346527,-0.2895156,-0.3372818,0.4349363,0.05695228,0.9004152,-19.2535,-25.51046,-11.07719
24.08,-0.1869005,-0.1147597,-0.4600076,0.437297,0.05986593,0.8956112,-19.2535,-25.51046,-11.07719
24.09,-0.2488386,-0.2312636,-0.5213705,0.4303166,0.06458807,0.8880246,-19.2535,-25.51046,-11.07719
24.1,-0.4346527,-0.4642715,-0.644096300000003,0.4244227,0.06889107,0.8905087,-19.2535,-25.51046,-11.07719
24.11,NaN,NaN,NaN,NaN,NaN,NaN,NaN,NaN,NaN
24.12,-0.6204669,-0.4060195,-0.766822200000002,0.4307913,0.07239159,0.8957548,-19.2535,-25.51046,-11.07719
24.13,-0.6204669,-0.580775400000001,-0.766822200000002,0.4288042,0.07088745,0.8909616,-19.25212,-25.50889,-10.69172
24.14,-0.682404900000003,-0.5225234,-0.766822200000002,0.4243626,0.07227443,0.8886111,-19.25212,-25.50889,-10.69172
24.15,-0.6204669,-0.8720351,-0.889547900000002,0.4239146,0.07131406,0.8914898,-19.25212,-25.50889,-10.69172
24.16,-0.8682191,-0.813783199999999,-1.012274,0.4278483,0.07235006,0.8948214,-19.25212,-25.50889,-10.69172
24.17,-1.115971,-1.105043,-1.012274,0.4328242,0.06757814,0.8976246,-19.25212,-25.50889,-10.69172
24.18,-1.301785,-0.930287099999998,-0.950910899999997,0.4371634,0.0685769,0.8927895,-18.87786,-25.50886,-10.69367
24.19,-1.301785,-0.639027300000002,-0.889547900000002,0.4343651,0.0617814,0.8980519,-18.87786,-25.50886,-10.69367
24.2,-1.177909,-0.2312636,-0.950910899999997,0.4398437,0.05751054,0.9027744,-18.87786,-25.50886,-10.69367
24.21,-0.8682191,0.1182482,-0.950910899999997,0.4345192,0.05259326,0.9023107,-18.87786,-25.50886,-10.69367
24.22,-0.682404900000003,0.1765001,-0.705459200000001,0.4374626,0.0497082,0.8998634,-18.87786,-25.50886,-10.69367
24.23,-0.744343000000003,0.1182482,-0.644096300000003,0.4320575,0.04865144,0.8960651,-18.88271,-25.13427,-10.69482
24.24,-0.4965908,0.2347521,-0.582733500000001,0.4335094,0.04866201,0.8946112,-18.88271,-25.13427,-10.69482
24.25,-0.001086392,-0.1147597,-0.4600076,0.428586,0.05151004,0.8946758,-18.88271,-25.13427,-10.69482
24.26,-0.1869005,-0.2312636,-0.2759189,0.4325036,0.05595233,0.900431,-18.88271,-25.13427,-10.69482
24.27,-0.2488386,-0.4642715,-0.1531931,0.4289178,0.05972702,0.8889655,-18.88271,-25.13427,-10.69482
24.28,-0.1249625,-0.639027300000002,-0.03046724,0.4269467,0.06554827,0.8943043,-18.87301,-25.88346,-10.69251
24.29,-0.06302445,-0.4642715,0.0922585699999997,0.4320174,0.05448424,0.8989853,-18.87301,-25.88346,-10.69251
24.3,0.1847278,-0.4642715,0.3377102,0.4378242,0.05501387,0.8936534,-18.87301,-25.88346,-10.69251
24.31,0.3086039,-0.4060195,0.460436,0.4374288,0.05212962,0.8993998,-18.87301,-25.88346,-10.69251
24.32,0.43248,-0.1730116,0.460436,0.4364791,0.05018085,0.8998757,-18.87301,-25.88346,-10.69251
24.33,0.3705419,-0.1147597,0.460436,0.4394043,0.05460335,0.9041995,-18.51468,-24.76121,-11.08339
24.34,0.5563561,0.293004,0.3990731,0.436841,0.05792578,0.8965628,-18.51468,-24.76121,-11.08339
24.35,0.680232200000002,0.5260119,0.3990731,0.4285036,0.06171108,0.8985857,-18.51468,-24.76121,-11.08339
24.36,0.5563561,0.2347521,0.0922585699999997,0.4303099,0.07629189,0.901067,-18.51468,-24.76121,-11.08339
24.37,0.494418,0.2347521,0.1536215,0.4243773,0.07228208,0.8900515,-18.51468,-24.76121,-11.08339
24.38,NaN,NaN,NaN,NaN,NaN,NaN,NaN,NaN,NaN
24.39,0.3086039,0.0599961999999999,0.2149844,0.4306986,0.08014828,0.8958074,-18.5036,-25.50883,-10.69561
24.4,0.2466658,-0.2312636,0.2763473,0.426748,0.08300591,0.8953827,-18.5036,-25.50883,-10.69561
24.41,0.494418,-0.755531299999998,0.2763473,0.4262904,0.07667459,0.8910234,-18.5036,-25.50883,-10.69561
24.42,0.1847278,-0.988539100000001,0.2763473,0.4293937,0.06948245,0.8991094,-18.5036,-25.50883,-10.69561
24.43,-0.1869005,-1.105043,0.3377102,0.4327134,0.0719107,0.8918926,-18.5036,-25.50883,-10.69561
24.44,-0.1249625,-1.105043,0.3990731,0.4288394,0.07041794,0.8938391,-18.86816,-26.25805,-10.69136
24.45,-0.3727147,-1.105043,0.3377102,0.4333709,0.06810214,0.9038651,-18.86816,-26.25805,-10.69136
24.46,-0.5585288,-0.580775400000001,0.3990731,0.4342801,0.06807861,0.8971342,-18.86816,-26.25805,-10.69136
24.47,-0.3727147,-0.580775400000001,0.460436,0.4383673,0.05748722,0.9018275,-18.86816,-26.25805,-10.69136
24.48,-0.5585288,-0.2895156,0.460436,0.4433641,0.04931157,0.9026872,-18.86816,-26.25805,-10.69136
24.49,-0.3727147,-0.1147597,0.460436,0.4448855,0.04350463,0.9011939,-18.5036,-25.50883,-10.69561
24.5,-0.06302445,0.351256,0.460436,0.4390276,0.04148494,0.8997942,-18.5036,-25.50883,-10.69561
24.51,0.1847278,0.5260119,0.3377102,0.4403575,0.04923691,0.8955121,-18.5036,-25.50883,-10.69561
24.52,0.494418,0.46776,0.2149844,0.4383727,0.04919733,0.8926492,-18.5036,-25.50883,-10.69561
24.53,0.43248,0.46776,0.03089567,0.4338358,0.05980304,0.8918015,-18.5036,-25.50883,-10.69561
24.54,0.5563561,0.2347521,-0.03046724,0.4298759,0.06509481,0.8933138,-18.88271,-25.13427,-10.69482
24.55,0.3086039,0.001744238,-0.03046724,0.4277526,0.07376368,0.8871492,-18.88271,-25.13427,-10.69482
24.56,0.3705419,-0.1730116,0.0922585699999997,0.4219271,0.0727365,0.8900771,-18.88271,-25.13427,-10.69482
24.57,0.0608516599999998,-0.4060195,0.1536215,0.42985,0.06849601,0.8947772,-18.88271,-25.13427,-10.69482
24.58,-0.001086392,-0.3477675,0.0922585699999997,0.4356332,0.07389141,0.8928391,-18.88271,-25.13427,-10.69482
24.59,0.0608516599999998,-0.1730116,0.460436,0.4386403,0.06567363,0.8903557,-18.88271,-25.13427,-10.69482
24.6,-0.2488386,-0.1147597,0.1536215,0.4312855,0.06947362,0.8928499,-18.88271,-25.13427,-10.69482
24.61,-0.1869005,-0.05650773,0.1536215,0.4362899,0.06520434,0.8990172,-18.88271,-25.13427,-10.69482
24.62,-0.06302445,0.2347521,-0.09183015,0.4383477,0.05747703,0.899907,-18.88271,-25.13427,-10.69482
24.63,-0.06302445,0.409508,0.1536215,0.430911,0.06318562,0.8966527,-18.88271,-25.13427,-10.69482
24.64,-0.1869005,0.293004,-0.1531931,0.4313665,0.06268653,0.8928038,-18.87301,-25.88346,-10.69251
24.65,-0.1869005,0.642515800000001,-0.214556,0.4304404,0.06123783,0.8961639,-18.87301,-25.88346,-10.69251
24.66,NaN,NaN,NaN,NaN,NaN,NaN,NaN,NaN,NaN
24.67,-0.001086392,0.2347521,-0.214556,0.4284774,0.06267302,0.8971519,-18.87301,-25.88346,-10.69251
24.68,-0.1249625,0.1182482,-0.214556,0.4305446,0.05251156,0.8961048,-18.87301,-25.88346,-10.69251
24.69,-0.1869005,0.001744238,-0.214556,0.4364444,0.04772376,0.8936176,-18.87301,-25.88346,-10.69251
24.7,-0.06302445,-0.05650773,0.1536215,0.4389399,0.04924417,0.9003268,-18.87786,-25.50886,-10.69367
24.71,0.43248,0.2347521,0.1536215,0.4350214,0.05065507,0.9013328,-18.87786,-25.50886,-10.69367
24.72,0.680232200000002,0.293004,0.03089567,0.4324275,0.05737614,0.8946793,-18.87786,-25.50886,-10.69367
24.73,0.618294100000002,0.2347521,-0.09183015,0.4318936,0.06320032,0.8971238,-18.87786,-25.50886,-10.69367
24.74,0.3086039,0.1182482,-0.1531931,0.4323148,0.06804922,0.896192,-18.87786,-25.50886,-10.69367
24.75,0.3705419,-0.05650773,-0.1531931,0.435663,0.0709801,0.8923392,-18.87786,-25.50886,-10.69367
24.76,0.3705419,-0.2895156,-0.214556,0.4286875,0.08107065,0.8915106,-18.87786,-25.50886,-10.69367
24.77,0.0608516599999998,-0.2312636,-0.1531931,0.4297369,0.07672984,0.8933926,-18.87786,-25.50886,-10.69367
24.78,-0.06302445,-0.3477675,-0.09183015,0.433715,0.07486219,0.8976649,-18.87786,-25.50886,-10.69367
24.79,0.0608516599999998,-0.2312636,-0.09183015,0.4357222,0.06808408,0.8947202,-18.87786,-25.50886,-10.69367
24.8,-0.001086392,-0.2895156,-0.09183015,0.4376527,0.07102223,0.8956823,-18.87786,-25.50886,-10.69367
24.81,-0.1249625,-0.1730116,-0.1531931,0.4416589,0.0618521,0.8941436,-18.87786,-25.50886,-10.69367
24.82,-0.3107767,-0.05650773,-0.1531931,0.4362293,0.06614845,0.8942224,-18.87786,-25.50886,-10.69367
24.83,-0.2488386,0.351256,-0.214556,0.4347458,0.07002386,0.8971429,-18.87786,-25.50886,-10.69367
24.84,-0.1249625,0.351256,-0.3372818,0.4303371,0.06411091,0.8894618,-18.87786,-25.50886,-10.69367
24.85,-0.3107767,0.409508,-0.214556,0.4323527,0.0661177,0.8976192,-19.24727,-25.88349,-10.69057
24.86,-0.4346527,0.409508,-0.1531931,0.4289039,0.06459787,0.8933195,-19.24727,-25.88349,-10.69057
24.87,-0.5585288,0.1765001,-0.09183015,0.4352329,0.06563877,0.8918275,-19.24727,-25.88349,-10.69057
24.88,-0.3727147,-0.1730116,0.2149844,0.4283986,0.06555884,0.8928505,-19.24727,-25.88349,-10.69057
24.89,-0.1869005,-0.2312636,-0.2759189,0.4332952,0.06659935,0.8947327,-19.24727,-25.88349,-10.69057
24.9,-0.3727147,-0.3477675,-0.214556,0.4353353,0.06325302,0.899013,-18.87301,-25.88346,-10.69251
24.91,-0.4346527,-0.5225234,-0.03046724,0.4269916,0.06508386,0.898142,-18.87301,-25.88346,-10.69251
24.92,-0.4346527,-0.4642715,0.03089567,0.4313438,0.06706495,0.8957142,-18.87301,-25.88346,-10.69251
24.93,NaN,NaN,NaN,NaN,NaN,NaN,NaN,NaN,NaN
24.94,-0.4965908,-0.639027300000002,0.03089567,0.4283705,0.06749546,0.8923835,-18.87301,-25.88346,-10.69251
24.95,-0.3107767,-0.6972793,-0.09183015,0.4332196,0.0704624,0.8918782,-18.87301,-25.88346,-10.69251
24.96,-0.6204669,-0.5225234,-0.1531931,0.4317716,0.07094172,0.8942956,-18.88756,-24.75967,-10.69597
24.97,-0.6204669,-0.988539100000001,-0.09183015,0.4367675,0.06861924,0.9019165,-18.88756,-24.75967,-10.69597
24.98,-1.054033,-0.755531299999998,-0.2759189,0.4386086,0.06955961,0.8918224,-18.88756,-24.75967,-10.69597
24.99,-0.9301572,-0.6972793,-0.09183015,0.4411202,0.06230789,0.8898302,-18.88756,-24.75967,-10.69597
25,-0.8682191,-0.4642715,-0.214556,0.4382271,0.0618045,0.8932147,-18.88756,-24.75967,-10.69597
25.01,-0.6204669,-0.2895156,-0.3986447,0.4407956,0.06092387,0.9042287,-19.26667,-24.38511,-10.69518
25.02,-0.4965908,0.1765001,-0.3986447,0.4403281,0.05458747,0.8989091,-19.26667,-24.38511,-10.69518
25.03,-0.682404900000003,0.1765001,-0.3986447,0.4382729,0.06085275,0.8965691,-19.26667,-24.38511,-10.69518
25.04,-0.5585288,0.293004,-0.3986447,0.4369279,0.05601973,0.9027914,-19.26667,-24.38511,-10.69518
25.05,-0.744343000000003,0.1765001,-0.5213705,0.4344114,0.05790306,0.8980256,-18.8811,-25.13244,-10.24511
25.06,-0.4965908,0.409508,-0.4600076,0.4329044,0.05591255,0.8917843,-18.8811,-25.13244,-10.24511
25.07,-0.4965908,0.2347521,-0.3372818,0.431988,0.0598348,0.9023823,-18.8811,-25.13244,-10.24511
25.08,-0.4965908,0.0599961999999999,-0.3986447,0.4294293,0.06072051,0.8923286,-18.8811,-25.13244,-10.24511
25.09,-0.3727147,0.2347521,-0.4600076,0.4279587,0.06021241,0.8913784,-18.8811,-25.13244,-10.24511
25.1,-0.5585288,-0.05650773,-0.2759189,0.4275094,0.06266597,0.8981212,-19.25697,-25.1343,-10.69287
25.11,-0.4965908,-0.4060195,-0.1531931,0.4230291,0.06647182,0.8948268,-19.25697,-25.1343,-10.69287
25.12,-0.3727147,-0.755531299999998,-0.3372818,0.4313923,0.06465117,0.8976184,-19.25697,-25.1343,-10.69287
25.13,-0.4965908,-0.755531299999998,-0.3372818,0.4318162,0.06803805,0.8952361,-19.25697,-25.1343,-10.69287
25.14,-0.6204669,-0.755531299999998,-0.214556,0.4304453,0.06660622,0.9029219,-19.25697,-25.1343,-10.69287
25.15,-0.8682191,-0.8720351,-0.1531931,0.4284075,0.06068543,0.8880163,-18.50845,-25.13424,-10.69677
25.16,-0.9301572,-1.163295,0.03089567,0.4270094,0.06070289,0.8947516,-18.50845,-25.13424,-10.69677
25.17,-0.744343000000003,-1.454555,-0.1531931,0.4265584,0.06413113,0.9024611,-18.50845,-25.13424,-10.69677
25.18,-0.8682191,-1.396303,-0.214556,0.4309315,0.06270847,0.8980898,-18.50845,-25.13424,-10.69677
25.19,-0.992095199999997,-1.512807,-0.1531931,0.4294444,0.06316741,0.8966661,-18.50845,-25.13424,-10.69677
25.2,-1.301785,-1.396303,-0.1531931,0.4368815,0.05989807,0.9028177,-19.25212,-25.50889,-10.69172
25.21,NaN,NaN,NaN,NaN,NaN,NaN,NaN,NaN,NaN
25.22,-1.301785,-1.396303,-0.5213705,0.4358451,0.05985535,0.897065,-19.25212,-25.50889,-10.69172
25.23,-1.4876,-1.512807,-0.3372818,0.4323051,0.06267828,0.8889539,-19.25212,-25.50889,-10.69172
25.24,-1.425662,-1.454555,-0.1531931,0.4392765,0.0574637,0.8950967,-19.25212,-25.50889,-10.69172
25.25,-1.301785,-1.046791,-0.3372818,0.4377828,0.05352892,0.8878819,-19.25212,-25.50889,-10.69172
25.26,-1.363724,-1.105043,-0.214556,0.4447613,0.04978146,0.8964353,-18.88271,-25.13427,-10.69482
25.27,-1.177909,-0.1730116,-0.2759189,0.4369301,0.05211845,0.8984439,-18.88271,-25.13427,-10.69482
25.28,-1.301785,-0.755531299999998,-0.03046724,0.4466821,0.04734866,0.8901592,-18.88271,-25.13427,-10.69482
25.29,-0.992095199999997,-0.4642715,-0.09183015,0.4472123,0.04883969,0.8959262,-18.88271,-25.13427,-10.69482
25.3,-0.682404900000003,-0.1730116,-0.1531931,0.438878,0.04823637,0.8931183,-18.88271,-25.13427,-10.69482
25.31,-0.6204669,-0.2895156,-0.214556,0.4461927,0.05026918,0.8935444,-18.5133,-24.75964,-10.69792
25.32,-0.4965908,-0.2895156,-0.5213705,0.4460641,0.05361687,0.884925,-18.5133,-24.75964,-10.69792
25.33,-0.682404900000003,-0.05650773,-0.3372818,0.4436611,0.05507146,0.8907188,-18.5133,-24.75964,-10.69792
25.34,-0.4346527,0.1765001,-0.3372818,0.4460792,0.05606377,0.8892626,-18.5133,-24.75964,-10.69792
25.35,-0.001086392,0.5260119,-0.214556,0.442618,0.05600087,0.8854529,-18.5133,-24.75964,-10.69792
25.36,-0.06302445,0.759019800000003,-0.214556,0.4426732,0.05798081,0.8931481,-18.13072,-25.51037,-11.08303
25.37,0.0608516599999998,0.700767799999999,-0.3372818,0.4397453,0.05502033,0.8902745,-18.13072,-25.51037,-11.08303
25.38,-0.06302445,0.759019800000003,-0.3372818,0.4368206,0.05840292,0.8951257,-18.13072,-25.51037,-11.08303
25.39,-0.4346527,0.700767799999999,-0.2759189,0.4372903,0.06083805,0.8960979,-18.13072,-25.51037,-11.08303
25.4,-0.1869005,0.817271699999998,-0.3986447,0.4392378,0.05988257,0.8941529,-18.13072,-25.51037,-11.08303
25.41,-0.06302445,0.817271699999998,-0.2759189,0.433415,0.05739338,0.8956307,-18.50845,-25.13424,-10.69677
25.42,-0.1869005,0.759019800000003,-0.1531931,0.4363256,0.05644239,0.8922363,-18.50845,-25.13424,-10.69677
25.43,-0.001086392,1.05028,-0.3986447,0.4383469,0.05259853,0.8941126,-18.50845,-25.13424,-10.69677
25.44,0.1847278,0.9920276,-0.2759189,0.4304449,0.05880113,0.8937469,-18.50845,-25.13424,-10.69677
25.45,0.0608516599999998,0.817271699999998,-0.3372818,0.4309551,0.05784271,0.8946961,-18.50845,-25.13424,-10.69677
25.46,-0.06302445,0.5842639,-0.1531931,0.4368753,0.05794361,0.8999237,-18.50845,-25.13424,-10.69677
25.47,-0.06302445,0.759019800000003,-0.3372818,0.4319155,0.05930924,0.894697,-18.50845,-25.13424,-10.69677
25.48,NaN,NaN,NaN,NaN,NaN,NaN,NaN,NaN,NaN
25.49,-0.06302445,0.759019800000003,-0.09183015,0.4344391,0.05352718,0.8955954,-18.50845,-25.13424,-10.69677
25.5,0.0608516599999998,0.817271699999998,-0.1531931,0.4338287,0.05833591,0.889391,-18.50845,-25.13424,-10.69677
25.51,-0.06302445,0.933775699999999,-0.09183015,0.4319417,0.05834729,0.8961307,-18.50845,-25.13424,-10.69677
25.52,0.1847278,0.817271699999998,-0.03046724,0.4250964,0.05631036,0.8937798,-19.2535,-25.51046,-11.07719
25.53,0.2466658,0.46776,-0.1531931,0.4279387,0.05776296,0.8865607,-19.2535,-25.51046,-11.07719
25.54,-0.001086392,0.351256,0.0922585699999997,0.4333811,0.0598148,0.8951669,-19.2535,-25.51046,-11.07719
25.55,0.0608516599999998,0.293004,-0.214556,0.4279729,0.06314664,0.8961995,-19.2535,-25.51046,-11.07719
25.56,0.0608516599999998,0.1765001,0.03089567,0.4328055,0.06171477,0.8889428,-19.2535,-25.51046,-11.07719
25.57,-0.001086392,0.0599961999999999,0.03089567,0.4295321,0.06077401,0.9024113,-18.5036,-25.50883,-10.69561
25.58,0.0608516599999998,0.001744238,-0.09183015,0.431448,0.05833867,0.8956552,-18.5036,-25.50883,-10.69561
25.59,-0.1869005,0.001744238,0.1536215,0.4314151,0.06027275,0.894708,-18.5036,-25.50883,-10.69561
25.6,-0.1249625,-0.05650773,0.1536215,0.4289013,0.06069405,0.888492,-18.5036,-25.50883,-10.69561
25.61,-0.1869005,-0.4060195,0.0922585699999997,0.4303634,0.06314898,0.8908956,-18.5036,-25.50883,-10.69561
25.62,0.1847278,-0.5225234,0.1536215,0.4353273,0.0569074,0.8908081,-18.50983,-25.13581,-11.08223
25.63,-0.06302445,-0.639027300000002,0.1536215,0.4338562,0.05932588,0.8932386,-18.50983,-25.13581,-11.08223
25.64,-0.001086392,-0.639027300000002,0.3990731,0.4378077,0.05598091,0.8931798,-18.50983,-25.13581,-11.08223
25.65,-0.06302445,-0.755531299999998,0.3377102,0.4333918,0.05933255,0.8956438,-18.50983,-25.13581,-11.08223
25.66,-0.06302445,-0.813783199999999,0.2149844,0.436805,0.05888262,0.8941687,-18.50983,-25.13581,-11.08223
25.67,-0.001086392,-0.6972793,0.2763473,0.4402493,0.05747329,0.8946076,-18.13259,-25.13238,-10.249
25.68,-0.06302445,-0.4642715,0.2763473,0.4406496,0.0603601,0.8893414,-18.13259,-25.13238,-10.249
25.69,-0.1869005,-0.4060195,0.2149844,0.4387395,0.05694481,0.8898165,-18.13259,-25.13238,-10.249
25.7,-0.3107767,-0.1147597,0.03089567,0.4421282,0.06184798,0.8922186,-18.13259,-25.13238,-10.249
25.71,-0.1249625,0.0599961999999999,0.03089567,0.4381919,0.06227401,0.8903372,-18.13259,-25.13238,-10.249
25.72,0.0608516599999998,0.1765001,-0.03046724,0.4352832,0.0622503,0.8927647,-19.24727,-25.88349,-10.69057
25.73,-0.1869005,0.2347521,-0.09183015,0.436792,0.06326614,0.8980393,-19.24727,-25.88349,-10.69057
25.74,-0.3727147,-0.1730116,0.03089567,0.4377338,0.06423513,0.8956363,-19.24727,-25.88349,-10.69057
25.75,-0.2488386,0.001744238,-0.03046724,0.4342307,0.06561388,0.8894358,-19.24727,-25.88349,-10.69057
25.76,NaN,NaN,NaN,NaN,NaN,NaN,NaN,NaN,NaN
25.77,-0.1869005,-0.05650773,-0.09183015,0.439199,0.06230143,0.893209,-19.24727,-25.88349,-10.69057
25.78,-0.2488386,0.0599961999999999,-0.09183015,0.4393219,0.0540727,0.8955539,-19.2535,-25.51046,-11.07719
25.79,-0.3727147,0.2347521,-0.214556,0.4368642,0.05598661,0.8965496,-19.2535,-25.51046,-11.07719
25.8,-0.1249625,0.2347521,-0.2759189,0.4344302,0.05303474,0.8941517,-19.2535,-25.51046,-11.07719
25.81,-0.3107767,0.351256,-0.1531931,0.4354257,0.05403176,0.8970301,-19.2535,-25.51046,-11.07719
25.82,-0.1869005,0.2347521,-0.3986447,0.4338585,0.06079045,0.895169,-19.2535,-25.51046,-11.07719
25.83,-0.2488386,0.293004,-0.214556,0.4343825,0.05496117,0.8917642,-18.87786,-25.50886,-10.69367
25.84,-0.06302445,0.2347521,-0.214556,0.4324653,0.05544461,0.8961066,-18.87786,-25.50886,-10.69367
25.85,-0.001086392,0.0599961999999999,-0.09183015,0.4294992,0.05734225,0.8951863,-18.87786,-25.50886,-10.69367
25.86,-0.001086392,-0.2312636,-0.09183015,0.4323389,0.06025687,0.8894176,-18.87786,-25.50886,-10.69367
25.87,-0.001086392,-0.2895156,-0.03046724,0.4334306,0.05691368,0.8965876,-18.87786,-25.50886,-10.69367
25.88,-0.001086392,-0.3477675,0.03089567,0.4353927,0.05596584,0.896083,-19.25212,-25.50889,-10.69172
25.89,0.0608516599999998,-0.3477675,0.0922585699999997,0.4314912,0.05884894,0.9004597,-19.25212,-25.50889,-10.69172
25.9,-0.1249625,-0.1730116,0.03089567,0.4338665,0.06177023,0.897096,-19.25212,-25.50889,-10.69172
25.91,-0.06302445,-0.2895156,-0.03046724,0.4373125,0.05938623,0.8965682,-19.25212,-25.50889,-10.69172
25.92,0.0608516599999998,-0.1147597,0.03089567,0.4362805,0.06227265,0.8946763,-19.25212,-25.50889,-10.69172
25.93,-0.001086392,-0.1147597,-0.03046724,0.4352062,0.0695273,0.8937743,-19.2535,-25.51046,-11.07719
25.94,-0.06302445,-0.2312636,-0.03046724,0.43387,0.05982087,0.8951624,-19.2535,-25.51046,-11.07719
25.95,-0.2488386,0.001744238,0.03089567,0.4382533,0.06084256,0.8946486,-19.2535,-25.51046,-11.07719
25.96,-0.2488386,0.1182482,0.0922585699999997,0.4376728,0.06273998,0.8879443,-19.2535,-25.51046,-11.07719
25.97,-0.1249625,0.001744238,0.1536215,0.4392694,0.05599658,0.8926862,-19.2535,-25.51046,-11.07719
25.98,-0.2488386,0.001744238,0.03089567,0.4318968,0.0588117,0.892293,-18.88271,-25.13427,-10.69482
25.99,-0.1869005,-0.05650773,0.0922585699999997,0.4368535,0.05646885,0.8960728,-18.88271,-25.13427,-10.69482
26,-0.1249625,-0.2312636,0.2149844,0.4369083,0.05600953,0.9008708,-18.88271,-25.13427,-10.69482
26.01,-0.001086392,-0.2312636,-0.03046724,0.4334996,0.04865691,0.893651,-18.88271,-25.13427,-10.69482
26.02,0.0608516599999998,-0.1147597,0.1536215,0.4378499,0.05697853,0.8984678,-18.88271,-25.13427,-10.69482
26.03,NaN,NaN,NaN,NaN,NaN,NaN,NaN,NaN,NaN
26.04,-0.06302445,-0.2312636,0.03089567,0.4344003,0.05594605,0.8946515,-18.51468,-24.76121,-11.08339
26.05,-0.1249625,-0.2895156,-0.03046724,0.4333914,0.0568933,0.8927466,-18.51468,-24.76121,-11.08339
26.06,-0.001086392,0.001744238,-0.03046724,0.4364378,0.0486959,0.8941042,-18.51468,-24.76121,-11.08339
26.07,-0.001086392,0.1182482,0.1536215,0.4398174,0.05310664,0.8950627,-18.51468,-24.76121,-11.08339
26.08,-0.1249625,0.1765001,-0.09183015,0.4328585,0.0568643,0.8884299,-18.51468,-24.76121,-11.08339
26.09,0.1227897,0.1182482,-0.09183015,0.4329106,0.057867,0.8946781,-18.88271,-25.13427,-10.69482
26.1,0.1227897,-0.1147597,-0.1531931,0.434903,0.0564471,0.8965709,-18.88271,-25.13427,-10.69482
26.11,0.1227897,-0.1730116,-0.1531931,0.4349533,0.05305865,0.8975082,-18.88271,-25.13427,-10.69482
26.12,0.1227897,-0.4642715,-0.03046724,0.4333527,0.05931217,0.8918027,-18.88271,-25.13427,-10.69482
26.13,-0.001086392,-0.639027300000002,-0.03046724,0.43237,0.06466331,0.8976094,-18.88271,-25.13427,-10.69482
26.14,-0.001086392,-0.8720351,0.0922585699999997,0.4353901,0.05742786,0.8975332,-19.25212,-25.50889,-10.69172
26.15,0.0608516599999998,-0.813783199999999,0.2149844,0.4402524,0.05845052,0.8960546,-19.25212,-25.50889,-10.69172
26.16,0.1227897,-0.4642715,0.2763473,0.438899,0.05019848,0.8974527,-19.25212,-25.50889,-10.69172
26.17,0.2466658,-0.4642715,0.3377102,0.435907,0.05013147,0.891718,-19.25212,-25.50889,-10.69172
26.18,0.3705419,-0.4060195,0.0922585699999997,0.4350219,0.04236263,0.8916744,-19.62776,-25.51049,-11.07524
26.19,0.5563561,-0.4642715,0.1536215,0.4331141,0.04041191,0.8940798,-19.62776,-25.51049,-11.07524
26.2,0.618294100000002,-0.5225234,-0.09183015,0.4359769,0.04675321,0.8945757,-19.62776,-25.51049,-11.07524
26.21,0.866046300000002,-0.580775400000001,-0.09183015,0.4368825,0.05404488,0.8960564,-19.62776,-25.51049,-11.07524
26.22,0.5563561,-0.639027300000002,0.03089567,0.4339017,0.05593488,0.8936958,-19.62776,-25.51049,-11.07524
26.23,0.680232200000002,-0.755531299999998,0.03089567,0.4353963,0.05401647,0.8941494,-18.49875,-25.88343,-10.69446
26.24,0.804108299999999,-0.8720351,0.2149844,0.4381665,0.06274861,0.88842,-18.49875,-25.88343,-10.69446
26.25,1.05186,-0.813783199999999,0.1536215,0.4372671,0.06277723,0.896111,-18.49875,-25.88343,-10.69446
26.26,1.113798,-0.5225234,0.1536215,0.4285281,0.06172381,0.9009864,-18.49875,-25.88343,-10.69446
26.27,1.113798,-0.639027300000002,0.03089567,0.4302588,0.069436,0.8880575,-18.49875,-25.88343,-10.69446
26.28,1.113798,-0.755531299999998,0.03089567,0.4292628,0.07673141,0.8948376,-18.88271,-25.13427,-10.69482
26.29,1.113798,-0.8720351,-0.03046724,0.4248216,0.08055765,0.8953843,-18.88271,-25.13427,-10.69482
26.3,0.618294100000002,-1.279799,0.3377102,0.4291613,0.08399566,0.8934464,-18.88271,-25.13427,-10.69482
26.31,NaN,NaN,NaN,NaN,NaN,NaN,NaN,NaN,NaN
26.32,0.3705419,-1.454555,0.5217989,0.4360392,0.08165926,0.8938474,-18.88271,-25.13427,-10.69482
26.33,0.1227897,-1.338051,0.705887599999999,0.4452177,0.08025402,0.881269,-18.88271,-25.13427,-10.69482
26.34,-0.06302445,-0.930287099999998,0.828613499999998,0.441934,0.07686891,0.89088,-18.50013,-25.885,-11.07993
26.35,-0.5585288,-0.580775400000001,0.705887599999999,0.4474193,0.07162593,0.8951157,-18.50013,-25.885,-11.07993
26.36,-0.682404900000003,-0.2312636,0.705887599999999,0.4431268,0.06382223,0.8965439,-18.50013,-25.885,-11.07993
26.37,-1.054033,0.001744238,0.705887599999999,0.4371826,0.06614785,0.8918129,-18.50013,-25.885,-11.07993
26.38,-1.301785,0.2347521,0.583161800000002,0.444117,0.06237745,0.896045,-18.50013,-25.885,-11.07993
26.39,-1.177909,0.293004,0.5217989,0.4431584,0.05993625,0.8950773,-18.87625,-25.50703,-10.24395
26.4,-1.301785,0.351256,0.460436,0.4466887,0.05174237,0.8959504,-18.87625,-25.50703,-10.24395
26.41,-1.363724,0.5260119,0.3377102,0.4486468,0.05567048,0.90076,-18.87625,-25.50703,-10.24395
26.42,-1.673414,0.700767799999999,0.460436,0.4549731,0.05817339,0.9007182,-18.87625,-25.50703,-10.24395
26.43,-1.425662,1.166783,0.5217989,0.4613787,0.04949804,0.8953195,-18.87625,-25.50703,-10.24395
26.44,-0.9301572,2.098815,0.3377102,0.4541374,0.0421376,0.8958175,-19.63123,-25.13433,-10.69093
26.45,-0.3107767,2.914342,0.03089567,0.4351608,0.04145929,0.9041512,-19.63123,-25.13433,-10.69093
26.46,-0.2488386,3.030846,-0.1531931,0.4281511,0.04616615,0.8936839,-19.63123,-25.13433,-10.69093
26.47,-0.06302445,2.564831,-0.03046724,0.4281337,0.04762053,0.8936937,-19.63123,-25.13433,-10.69093
26.48,-0.2488386,1.865807,0.1536215,0.4231645,0.04605447,0.8841261,-19.63123,-25.13433,-10.69093
26.49,-0.1249625,1.283287,0.3990731,0.4253212,0.03789078,0.8941351,-18.88409,-25.13584,-11.08029
26.5,0.1847278,0.46776,0.5217989,0.4189339,0.03925857,0.8927628,-18.88409,-25.13584,-11.08029
26.51,0.1847278,0.0599961999999999,0.705887599999999,0.4217896,0.04413275,0.8908482,-18.88409,-25.13584,-11.08029
26.52,0.1847278,-0.755531299999998,1.012702,0.4286934,0.03839516,0.8897858,-18.88409,-25.13584,-11.08029
26.53,0.494418,-0.930287099999998,1.135428,0.4292036,0.03743674,0.890735,-18.88409,-25.13584,-11.08029
26.54,1.175737,-1.046791,1.074065,0.4326145,0.04088808,0.8936074,-18.50983,-25.13581,-11.08223
26.55,1.361551,-0.6972793,0.828613499999998,0.4365352,0.04094176,0.8945318,-18.50983,-25.13581,-11.08223
26.56,1.237675,-0.6972793,0.705887599999999,0.4373771,0.05356617,0.8960487,-18.50983,-25.13581,-11.08223
26.57,0.927984400000002,-0.4060195,0.6445247,0.4421148,0.06379226,0.893192,-18.50983,-25.13581,-11.08223
26.58,NaN,NaN,NaN,NaN,NaN,NaN,NaN,NaN,NaN
26.59,0.804108299999999,-0.4642715,0.583161800000002,0.4463428,0.07205017,0.8860055,-18.50983,-25.13581,-11.08223
26.6,0.866046300000002,-0.1147597,0.767250500000003,0.4518908,0.0619618,0.8906886,-18.88271,-25.13427,-10.69482
26.61,0.680232200000002,0.2347521,0.2763473,0.4513151,0.06922761,0.8907423,-18.88271,-25.13427,-10.69482
26.62,0.494418,0.409508,0.2763473,0.4434723,0.0725342,0.8927575,-18.88271,-25.13427,-10.69482
26.63,0.3705419,0.817271699999998,-0.1531931,0.4494037,0.06922626,0.8950814,-18.88271,-25.13427,-10.69482
26.64,0.494418,0.759019800000003,-0.214556,0.449328,0.06772347,0.8859491,-18.88271,-25.13427,-10.69482
26.65,0.5563561,1.108532,-0.2759189,0.4502675,0.07259373,0.8878934,-18.87786,-25.50886,-10.69367
26.66,0.3086039,1.574547,-0.2759189,0.4440547,0.06966209,0.8984949,-18.87786,-25.50886,-10.69367
26.67,0.0608516599999998,1.982311,-0.2759189,0.4395921,0.07445282,0.8980879,-18.87786,-25.50886,-10.69367
26.68,-0.1869005,2.157067,-0.5213705,0.4379812,0.08362781,0.8948029,-18.87786,-25.50886,-10.69367
26.69,-0.3107767,2.564831,-0.2759189,0.4336572,0.07971012,0.8976977,-18.87786,-25.50886,-10.69367
26.7,-0.1869005,2.506578,-0.3372818,0.4287917,0.07234437,0.8914515,-19.26182,-24.7597,-10.69403
26.71,-0.1249625,2.098815,-0.03046724,0.4257584,0.07615825,0.8862233,-19.26182,-24.7597,-10.69403
26.72,-0.4346527,1.458043,0.0922585699999997,0.4165986,0.07269518,0.8949277,-19.26182,-24.7597,-10.69403
26.73,-0.806281,1.05028,0.2763473,0.4180038,0.07414485,0.890603,-19.26182,-24.7597,-10.69403
26.74,-0.992095199999997,0.293004,0.6445247,0.4230705,0.06259093,0.8943204,-19.26182,-24.7597,-10.69403
26.75,-0.992095199999997,0.0599961999999999,1.074065,0.4289649,0.06072718,0.8947337,-18.88271,-25.13427,-10.69482
26.76,-1.054033,0.1765001,0.951339199999998,0.4286551,0.04861912,0.898017,-18.88271,-25.13427,-10.69482
26.77,-0.806281,0.0599961999999999,1.012702,0.4321546,0.04382389,0.8998733,-18.88271,-25.13427,-10.69482
26.78,-0.682404900000003,0.409508,0.5217989,0.4302797,0.03993909,0.9032259,-18.88271,-25.13427,-10.69482
26.79,-0.4965908,0.351256,0.2763473,0.4307423,0.0409071,0.9017876,-18.88271,-25.13427,-10.69482
26.8,-0.1249625,0.1765001,-0.03046724,0.4316724,0.04284569,0.8993911,-18.87439,-25.88503,-11.07798
26.81,-0.001086392,0.0599961999999999,-0.09183015,0.4252962,0.04617048,0.9013929,-18.87439,-25.88503,-11.07798
26.82,0.3086039,-0.2895156,-0.2759189,0.423347,0.04273481,0.8980269,-18.87439,-25.88503,-11.07798
26.83,0.43248,-0.580775400000001,-0.3986447,0.4261515,0.05148477,0.8956584,-18.87439,-25.88503,-11.07798
26.84,0.866046300000002,-1.046791,-0.4600076,0.422668,0.05823956,0.8976563,-18.87439,-25.88503,-11.07798
26.85,NaN,NaN,NaN,NaN,NaN,NaN,NaN,NaN,NaN
26.86,0.680232200000002,-0.930287099999998,-0.889547900000002,0.4175313,0.07853758,0.8973588,-18.88271,-25.13427,-10.69482
26.87,-0.001086392,-0.755531299999998,-0.889547900000002,0.424188,0.08730555,0.889193,-18.88271,-25.13427,-10.69482
26.88,-0.1249625,-1.338051,-0.582733500000001,0.4447078,0.08365168,0.883217,-18.88271,-25.13427,-10.69482
26.89,-0.4346527,-0.930287099999998,-0.2759189,0.4523503,0.06731842,0.8940812,-18.88271,-25.13427,-10.69482
26.9,-0.992095199999997,-0.3477675,-0.2759189,0.4490266,0.06440028,0.9003345,-18.88271,-25.13427,-10.69482
26.91,-1.4876,0.409508,-0.5213705,0.4447719,0.05466505,0.90319,-18.87786,-25.50886,-10.69367
26.92,-1.549538,0.759019800000003,-0.766822200000002,0.4427378,0.05216075,0.8926286,-18.87786,-25.50886,-10.69367
26.93,-1.611476,0.46776,-0.950910899999997,0.4441683,0.04776996,0.8839432,-18.87786,-25.50886,-10.69367
26.94,-0.8682191,0.409508,-0.828185100000001,0.4412864,0.03849189,0.8781462,-18.87786,-25.50886,-10.69367
26.95,-0.06302445,-0.1730116,-0.950910899999997,0.4438518,0.02590235,0.8751577,-18.87786,-25.50886,-10.69367
26.96,0.494418,-0.930287099999998,-1.135,0.4503335,0.02653488,0.8880662,-19.26182,-24.7597,-10.69403
26.97,0.989922399999999,-1.105043,-1.441814,0.439964,0.04001213,0.8940138,-19.26182,-24.7597,-10.69403
26.98,1.05186,-1.105043,-1.99408,0.4228457,0.03881981,0.8922435,-19.26182,-24.7597,-10.69403
26.99,1.485427,-1.046791,-2.300895,0.4236791,0.05339104,0.8952138,-19.26182,-24.7597,-10.69403
27,2.042869,-0.988539100000001,-2.116806,0.4372916,0.06278997,0.8985116,-19.26182,-24.7597,-10.69403
27.01,2.290622,-0.6972793,-1.932717,0.443629,0.06724989,0.9018439,-18.88271,-25.13427,-10.69482
27.02,2.166745,0.2347521,-1.56454,0.4414296,0.08270839,0.8962053,-18.88271,-25.13427,-10.69482
27.03,1.237675,0.351256,-1.380451,0.431057,0.09520841,0.9007059,-18.88271,-25.13427,-10.69482
27.04,-0.2488386,0.409508,-0.705459200000001,0.4290895,0.09908029,0.904111,-18.88271,-25.13427,-10.69482
27.05,-1.239847,0.293004,0.0922585699999997,0.4208114,0.08923789,0.8959594,-18.88271,-25.13427,-10.69482
27.06,-1.735352,0.409508,0.6445247,0.4141779,0.0731649,0.8978342,-18.87301,-25.88346,-10.69251
27.07,-1.859228,0.1182482,0.889976299999999,0.4099562,0.05612976,0.895359,-18.87301,-25.88346,-10.69251
27.08,-1.79729,-0.2895156,0.767250500000003,0.4168929,0.05382393,0.9015216,-18.87301,-25.88346,-10.69251
27.09,-1.673414,-0.813783199999999,0.951339199999998,0.4280803,0.0553976,0.8975873,-18.87301,-25.88346,-10.69251
27.1,-0.992095199999997,-1.629311,0.951339199999998,0.4470872,0.05560386,0.891651,-18.87301,-25.88346,-10.69251
27.11,-0.06302445,-1.804067,1.074065,0.4461776,0.05318813,0.8954846,-18.88409,-25.13584,-11.08029
27.12,0.1227897,-1.862319,0.951339199999998,0.4466273,0.05853966,0.8979169,-18.88409,-25.13584,-11.08029
27.13,NaN,NaN,NaN,NaN,NaN,NaN,NaN,NaN,NaN
27.14,0.2466658,-1.745815,0.6445247,0.4364034,0.05940975,0.903299,-18.88409,-25.13584,-11.08029
27.15,0.0608516599999998,-1.105043,0.3990731,0.4367889,0.06228891,0.8965923,-18.88409,-25.13584,-11.08029
27.16,-0.001086392,-0.813783199999999,0.3377102,0.4391527,0.07154562,0.8995131,-18.88409,-25.13584,-11.08029
27.17,-0.3727147,-0.1730116,0.3377102,0.4429461,0.07153305,0.8879541,-18.5133,-24.75964,-10.69792
27.18,-0.4965908,0.1182482,0.5217989,0.4473904,0.07404989,0.8951322,-18.5133,-24.75964,-10.69792
27.19,-0.744343000000003,0.2347521,0.460436,0.4478788,0.07161671,0.8922305,-18.5133,-24.75964,-10.69792
27.2,-1.425662,0.351256,0.3990731,0.4406647,0.06280699,0.893679,-18.5133,-24.75964,-10.69792
27.21,-1.4876,0.1765001,0.3990731,0.4402008,0.05988707,0.8927035,-18.5133,-24.75964,-10.69792
27.22,-1.549538,0.351256,0.0922585699999997,0.4353442,0.05837961,0.8941789,-18.87786,-25.50886,-10.69367
27.23,-1.673414,0.642515800000001,0.03089567,0.4320321,0.04912604,0.8941479,-18.87786,-25.50886,-10.69367
27.24,-1.549538,0.642515800000001,-0.03046724,0.4344725,0.04866651,0.8931619,-18.87786,-25.50886,-10.69367
27.25,-1.4876,0.642515800000001,-0.1531931,0.4374355,0.04579164,0.8926352,-18.87786,-25.50886,-10.69367
27.26,-1.054033,0.642515800000001,-0.3986447,0.4350219,0.04236263,0.8916744,-18.87786,-25.50886,-10.69367
27.27,-0.5585288,0.351256,-0.4600076,0.4351127,0.04094647,0.8988664,-18.88271,-25.13427,-10.69482
27.28,-0.6204669,0.351256,-0.3372818,0.432631,0.04528689,0.9003588,-18.88271,-25.13427,-10.69482
27.29,-0.1869005,0.5260119,-0.4600076,0.4271947,0.04518951,0.8946465,-18.88271,-25.13427,-10.69482
27.3,-0.06302445,0.5260119,-0.214556,0.4247669,0.04419211,0.8951425,-18.88271,-25.13427,-10.69482
27.31,-0.06302445,0.5842639,-0.2759189,0.4242125,0.05049345,0.8961499,-18.50845,-25.13424,-10.69677
27.32,-0.06302445,0.1765001,0.03089567,0.432537,0.05109166,0.8979976,-18.50845,-25.13424,-10.69677
27.33,0.0608516599999998,0.001744238,0.1536215,0.4324926,0.04862949,0.8907792,-18.50845,-25.13424,-10.69677
27.34,-0.001086392,-0.3477675,0.460436,0.4359248,0.05111633,0.8946053,-18.50845,-25.13424,-10.69677
27.35,0.0608516599999998,-0.5225234,0.5217989,0.4305477,0.04812295,0.8912739,-18.50845,-25.13424,-10.69677
27.36,-0.06302445,-0.813783199999999,0.583161800000002,0.4301177,0.04814745,0.8970399,-18.87924,-25.51043,-11.07913
27.37,0.2466658,-0.813783199999999,0.705887599999999,0.429514,0.05198405,0.8903489,-18.87924,-25.51043,-11.07913
27.38,0.43248,-1.046791,0.583161800000002,0.4280901,0.05003686,0.8922697,-18.87924,-25.51043,-11.07913
27.39,0.618294100000002,-0.8720351,0.767250500000003,0.4324324,0.05737868,0.8951594,-18.87924,-25.51043,-11.07913
27.4,0.494418,-1.046791,0.705887599999999,0.4343994,0.05643339,0.8951349,-18.87924,-25.51043,-11.07913
27.41,NaN,NaN,NaN,NaN,NaN,NaN,NaN,NaN,NaN
27.42,0.494418,-1.163295,0.5217989,0.4372377,0.06276194,0.8932302,-19.24727,-25.88349,-10.69057
27.43,0.5563561,-1.105043,0.5217989,0.4363117,0.06131325,0.8965902,-19.24727,-25.88349,-10.69057
27.44,0.43248,-1.163295,0.3990731,0.4342983,0.06613689,0.896641,-19.24727,-25.88349,-10.69057
27.45,0.3705419,-1.221547,0.1536215,0.434801,0.06663795,0.8985603,-19.24727,-25.88349,-10.69057
27.46,0.3086039,-0.988539100000001,0.1536215,0.4361278,0.07341269,0.8928313,-19.24727,-25.88349,-10.69057
27.47,-0.001086392,-0.8720351,0.0922585699999997,0.4337253,0.06657484,0.8889667,-18.87786,-25.50886,-10.69367
27.48,-0.06302445,-0.930287099999998,0.03089567,0.4371291,0.06855907,0.8894286,-18.87786,-25.50886,-10.69367
27.49,-0.2488386,-1.221547,-0.09183015,0.436732,0.06128366,0.8898639,-18.87786,-25.50886,-10.69367
27.5,-0.3727147,-1.338051,-0.1531931,0.4401126,0.06520705,0.890339,-18.87786,-25.50886,-10.69367
27.51,-0.4965908,-1.512807,-0.03046724,0.4381536,0.06176628,0.8860127,-18.87786,-25.50886,-10.69367
27.52,-0.4965908,-1.571059,-0.2759189,0.4420663,0.06084018,0.8850101,-19.25697,-25.1343,-10.69287
27.53,-0.6204669,-1.629311,-0.214556,0.4480377,0.05706529,0.8906916,-19.25697,-25.1343,-10.69287
27.54,-0.4346527,-1.571059,-0.3372818,0.4461153,0.05510692,0.8916567,-19.25697,-25.1343,-10.69287
27.55,-0.4346527,-1.221547,-0.3986447,0.4471281,0.05464955,0.8945252,-19.25697,-25.1343,-10.69287
27.56,-0.3107767,-0.930287099999998,-0.3986447,0.449528,0.05221774,0.8872844,-19.25697,-25.1343,-10.69287
27.57,-0.06302445,-0.4642715,-0.582733500000001,0.4495934,0.04591033,0.8862815,-18.8811,-25.13244,-10.24511
27.58,0.1227897,0.001744238,-0.644096300000003,0.4482243,0.04886967,0.8992782,-18.8811,-25.13244,-10.24511
27.59,0.0608516599999998,0.1765001,-0.644096300000003,0.4447239,0.04878639,0.8916274,-18.8811,-25.13244,-10.24511
27.6,0.1227897,0.409508,-0.766822200000002,0.4471504,0.05319773,0.8949955,-18.8811,-25.13244,-10.24511
27.61,0.1227897,0.5260119,-0.766822200000002,0.4403041,0.05164814,0.8931278,-18.8811,-25.13244,-10.24511
27.62,0.1847278,0.5842639,-0.644096300000003,0.4384065,0.05214177,0.8993908,-18.88271,-25.13427,-10.69482
27.63,0.3086039,0.5842639,-0.644096300000003,0.4413789,0.04683274,0.8969271,-18.88271,-25.13427,-10.69482
27.64,0.43248,0.5260119,-0.705459200000001,0.4344787,0.04525512,0.889778,-18.88271,-25.13427,-10.69482
27.65,0.494418,0.2347521,-0.705459200000001,0.4349467,0.04866494,0.8917171,-18.88271,-25.13427,-10.69482
27.66,0.866046300000002,0.0599961999999999,-0.644096300000003,0.4343683,0.05202694,0.8869432,-18.88271,-25.13427,-10.69482
27.67,1.237675,0.293004,-0.582733500000001,0.437366,0.05160915,0.8926746,-19.25212,-25.50889,-10.69172
27.68,NaN,NaN,NaN,NaN,NaN,NaN,NaN,NaN,NaN
27.69,1.175737,0.1182482,-0.4600076,0.4388037,0.05405134,0.8926775,-19.25212,-25.50889,-10.69172
27.7,0.989922399999999,-0.05650773,-0.582733500000001,0.4349065,0.05986359,0.900915,-19.25212,-25.50889,-10.69172
27.71,1.05186,0.293004,-0.766822200000002,0.4353584,0.06131385,0.8989999,-19.25212,-25.50889,-10.69172
27.72,0.989922399999999,0.351256,-0.644096300000003,0.4343763,0.05837256,0.8951481,-19.25212,-25.50889,-10.69172
27.73,0.989922399999999,0.46776,-0.5213705,0.4333295,0.06661718,0.8980936,-18.13744,-24.75778,-10.25015
27.74,0.927984400000002,0.351256,-0.4600076,0.4328264,0.06367688,0.8932771,-18.13744,-24.75778,-10.25015
27.75,0.989922399999999,0.409508,-0.4600076,0.4293817,0.06264694,0.889941,-18.13744,-24.75778,-10.25015
27.76,0.866046300000002,0.1765001,-0.2759189,0.4283941,0.0626297,0.8889897,-18.13744,-24.75778,-10.25015
27.77,0.618294100000002,-0.1147597,-0.3372818,0.4343193,0.06273315,0.8946975,-18.13744,-24.75778,-10.25015
27.78,0.494418,-0.2895156,-0.03046724,0.4371834,0.06566051,0.8913294,-18.88409,-25.13584,-11.08029
27.79,0.43248,-0.1730116,0.2763473,0.437183,0.06858709,0.89471,-18.88409,-25.13584,-11.08029
27.8,0.2466658,0.0599961999999999,0.03089567,0.434687,0.06999328,0.8913813,-18.88409,-25.13584,-11.08029
27.81,0.1227897,-0.4060195,0.0922585699999997,0.4380864,0.06904837,0.8879825,-18.88409,-25.13584,-11.08029
27.82,0.1847278,-0.4642715,0.1536215,0.4350886,0.07483199,0.8885289,-18.88409,-25.13584,-11.08029
27.83,-0.06302445,-0.639027300000002,0.2763473,0.4386465,0.06762808,0.8932496,-18.86816,-26.25805,-10.69136
27.84,-0.1869005,-0.639027300000002,0.1536215,0.4401011,0.06617664,0.8903456,-18.86816,-26.25805,-10.69136
27.85,-0.4346527,-0.580775400000001,0.3990731,0.4400592,0.06761828,0.8879547,-18.86816,-26.25805,-10.69136
27.86,-0.3107767,-0.3477675,0.2763473,0.4352899,0.06127817,0.8922781,-18.86816,-26.25805,-10.69136
27.87,-0.3727147,-0.4642715,0.2763473,0.4406874,0.05842857,0.8907686,-18.86816,-26.25805,-10.69136
27.88,-0.6204669,-0.3477675,0.3377102,0.4363518,0.05548045,0.8936701,-18.88595,-24.75784,-10.24626
27.89,-0.4965908,-0.2312636,0.460436,0.4412907,0.05215272,0.8945625,-18.88595,-24.75784,-10.24626
27.9,-0.4346527,-0.2312636,0.3377102,0.4427102,0.05117078,0.888781,-18.88595,-24.75784,-10.24626
27.91,-0.4346527,-0.1730116,0.3377102,0.441752,0.05116883,0.8907105,-18.88595,-24.75784,-10.24626
27.92,-0.1249625,0.2347521,0.2763473,0.4412992,0.05557175,0.8993869,-18.88595,-24.75784,-10.24626
27.93,-0.06302445,0.2347521,-0.03046724,0.4451985,0.05122407,0.8930798,-18.49875,-25.88343,-10.69446
27.94,0.0608516599999998,0.46776,-0.03046724,0.4451838,0.05121643,0.8916394,-18.49875,-25.88343,-10.69446
27.95,0.0608516599999998,0.293004,-0.03046724,0.4412649,0.05018808,0.8897481,-18.49875,-25.88343,-10.69446
27.96,NaN,NaN,NaN,NaN,NaN,NaN,NaN,NaN,NaN
27.97,0.3705419,0.1765001,-0.214556,0.4416718,0.05746859,0.890273,-18.49875,-25.88343,-10.69446
27.98,0.0608516599999998,0.2347521,-0.214556,0.4421434,0.05892904,0.8902784,-18.49875,-25.88343,-10.69446
27.99,0.1847278,0.5260119,-0.1531931,0.4420784,0.06230985,0.8879007,-18.50845,-25.13424,-10.69677
28,0.0608516599999998,0.5260119,-0.03046724,0.4425966,0.06233121,0.890777,-18.50845,-25.13424,-10.69677
28.01,0.1227897,0.700767799999999,-0.214556,0.439691,0.0579189,0.8883737,-18.50845,-25.13424,-10.69677
28.02,0.1227897,0.933775699999999,-0.214556,0.4377761,0.0598669,0.8946465,-18.50845,-25.13424,-10.69677
28.03,0.1227897,0.817271699999998,-0.09183015,0.4343967,0.05789541,0.8965852,-18.50845,-25.13424,-10.69677
28.04,0.1227897,0.9920276,-0.4600076,0.4354114,0.05646337,0.8984869,-19.24566,-25.88166,-10.24085
28.05,0.1847278,0.875523700000001,-0.4600076,0.4289725,0.0592677,0.8937636,-19.24566,-25.88166,-10.24085
28.06,0.1227897,0.5842639,-0.2759189,0.4289476,0.06218155,0.8947435,-19.24566,-25.88166,-10.24085
28.07,0.0608516599999998,0.1765001,-0.214556,0.4254748,0.06308825,0.8909404,-19.24566,-25.88166,-10.24085
28.08,-0.001086392,0.001744238,-0.09183015,0.4283812,0.06164738,0.8865825,-19.24566,-25.88166,-10.24085
28.09,-0.001086392,-0.3477675,-0.03046724,0.4328202,0.06172242,0.8903832,-18.88271,-25.13427,-10.69482
28.1,-0.1249625,-0.3477675,0.0922585699999997,0.4348731,0.05935841,0.8970707,-18.88271,-25.13427,-10.69482
28.11,-0.06302445,-0.5225234,0.2149844,0.4353001,0.06372252,0.8961355,-18.88271,-25.13427,-10.69482
28.12,-0.3107767,-0.6972793,0.2149844,0.4323135,0.06609731,0.8937782,-18.88271,-25.13427,-10.69482
28.13,-0.2488386,-0.755531299999998,0.3377102,0.4298594,0.06606185,0.8928403,-18.88271,-25.13427,-10.69482
28.14,-0.3727147,-0.6972793,0.3377102,0.4337814,0.06806744,0.8961785,-18.87301,-25.88346,-10.69251
28.15,-0.4346527,-0.930287099999998,0.460436,0.4336581,0.06849109,0.8846587,-18.87301,-25.88346,-10.69251
28.16,-0.5585288,-1.279799,0.3990731,0.4342057,0.06852773,0.8904157,-18.87301,-25.88346,-10.69251
28.17,-0.806281,-1.105043,0.3990731,0.438158,0.06469542,0.8898734,-18.87301,-25.88346,-10.69251
28.18,-0.682404900000003,-1.396303,0.3377102,0.4402106,0.05989217,0.8936638,-18.87301,-25.88346,-10.69251
28.19,-1.054033,-1.629311,0.2149844,0.4490422,0.05855474,0.8950136,-18.50845,-25.13424,-10.69677
28.2,-0.8682191,-1.396303,0.2149844,0.4436527,0.05701827,0.8921723,-18.50845,-25.13424,-10.69677
28.21,-0.682404900000003,-1.105043,-0.09183015,0.450759,0.04504462,0.9035507,-18.50845,-25.13424,-10.69677
28.22,-0.3727147,-0.580775400000001,-0.4600076,0.4461438,0.0502437,0.888743,-18.50845,-25.13424,-10.69677
28.23,NaN,NaN,NaN,NaN,NaN,NaN,NaN,NaN,NaN
28.24,-0.4965908,-0.4642715,-0.2759189,0.4496531,0.04545357,0.8915597,-18.50845,-25.13424,-10.69677
28.25,-0.1869005,-0.3477675,-0.2759189,0.4496175,0.04884966,0.8920628,-19.26667,-24.38511,-10.69518
28.26,-0.001086392,-0.1730116,-0.644096300000003,0.4486326,0.0473704,0.8896612,-19.26667,-24.38511,-10.69518
28.27,0.2466658,0.0599961999999999,-0.3986447,0.4428014,0.04682803,0.8925925,-19.26667,-24.38511,-10.69518
28.28,0.1847278,0.001744238,-0.5213705,0.4437306,0.04925394,0.8906794,-19.26667,-24.38511,-10.69518
28.29,0.1227897,-0.1147597,-0.3986447,0.4416986,0.05358005,0.8883262,-19.26667,-24.38511,-10.69518
28.3,0.1227897,-0.2312636,-0.3986447,0.4446188,0.05800001,0.89217,-19.26021,-24.75787,-10.24432
28.31,0.2466658,-0.2312636,-0.3372818,0.442663,0.05553646,0.8892906,-19.26021,-24.75787,-10.24432
28.32,0.43248,-0.1730116,-0.214556,0.4368028,0.05741805,0.8922384,-19.26021,-24.75787,-10.24432
28.33,0.3705419,-0.05650773,-0.4600076,0.4396834,0.05937837,0.8893438,-19.26021,-24.75787,-10.24432
28.34,0.1847278,-0.1730116,-0.2759189,0.4416002,0.06182153,0.8883821,-19.26021,-24.75787,-10.24432
28.35,0.43248,-0.1147597,-0.214556,0.4357881,0.06421594,0.8966144,-18.88271,-25.13427,-10.69482
28.36,0.3705419,-0.05650773,-0.2759189,0.4421024,0.06524918,0.893682,-18.88271,-25.13427,-10.69482
28.37,0.2466658,0.001744238,-0.4600076,0.4362253,0.06565855,0.8932589,-18.88271,-25.13427,-10.69482
28.38,0.1227897,-0.2312636,-0.2759189,0.4376309,0.06954747,0.8918313,-18.88271,-25.13427,-10.69482
28.39,-0.3107767,-0.2895156,-0.1531931,0.4420681,0.06523135,0.8903211,-18.88271,-25.13427,-10.69482
28.4,-0.2488386,-0.3477675,-0.03046724,0.4440668,0.06040006,0.8888299,-19.26021,-24.75787,-10.24432
28.41,-0.2488386,-0.4060195,-0.03046724,0.4421099,0.06378971,0.8927119,-19.26021,-24.75787,-10.24432
28.42,-0.1249625,-0.4642715,0.1536215,0.4397493,0.05551022,0.891238,-19.26021,-24.75787,-10.24432
28.43,-0.1249625,-0.580775400000001,0.2149844,0.4388282,0.05406408,0.8950782,-19.26021,-24.75787,-10.24432
28.44,-0.2488386,-0.3477675,0.2763473,0.4421394,0.05843915,0.8893148,-19.26021,-24.75787,-10.24432
28.45,-0.2488386,-0.4060195,0.2149844,0.4451357,0.0614353,0.8989102,-18.14042,-24.76118,-11.08533
28.46,-0.06302445,-0.3477675,0.1536215,0.442626,0.05698065,0.8873799,-18.14042,-24.76118,-11.08533
28.47,-0.2488386,-0.639027300000002,0.0922585699999997,0.4352859,0.06078828,0.8913145,-18.14042,-24.76118,-11.08533
28.48,-0.2488386,-0.6972793,0.0922585699999997,0.4406345,0.0579132,0.8850038,-18.14042,-24.76118,-11.08533
28.49,-0.1249625,-0.755531299999998,0.1536215,0.4381816,0.0651955,0.8927575,-18.87625,-25.50703,-10.24395
28.5,-0.1869005,-0.8720351,0.0922585699999997,0.4415716,0.06668475,0.8912956,-18.87625,-25.50703,-10.24395
28.51,NaN,NaN,NaN,NaN,NaN,NaN,NaN,NaN,NaN
28.52,-0.1249625,-0.8720351,-0.03046724,0.4419964,0.06958428,0.8884301,-18.87625,-25.50703,-10.24395
28.53,-0.3107767,-0.930287099999998,0.03089567,0.439081,0.07053272,0.8913443,-18.87625,-25.50703,-10.24395
28.54,-0.4965908,-1.046791,-0.2759189,0.4463374,0.06960837,0.8826282,-18.87625,-25.50703,-10.24395
28.55,-0.4965908,-0.813783199999999,-0.214556,0.4444211,0.06960446,0.8864872,-18.88271,-25.13427,-10.69482
28.56,-0.3727147,-0.813783199999999,-0.3372818,0.4463548,0.06815398,0.8826184,-18.88271,-25.13427,-10.69482
28.57,-0.4965908,-0.755531299999998,-0.3986447,0.4444367,0.06912477,0.8874441,-18.88271,-25.13427,-10.69482
28.58,-0.744343000000003,-0.6972793,-0.5213705,0.4474679,0.06384631,0.8907421,-18.88271,-25.13427,-10.69482
28.59,-1.054033,-0.5225234,-0.3986447,0.4519362,0.05857079,0.8911457,-18.88271,-25.13427,-10.69482
28.6,-1.115971,-0.3477675,-0.5213705,0.4485369,0.05414986,0.8882668,-18.8811,-25.13244,-10.24511
28.61,-0.8682191,-0.05650773,-0.644096300000003,0.4481398,0.04687444,0.8887022,-18.8811,-25.13244,-10.24511
28.62,-0.4346527,-0.1147597,-0.582733500000001,0.4544731,0.05084447,0.8910708,-18.8811,-25.13244,-10.24511
28.63,-0.2488386,0.293004,-0.828185100000001,0.4529625,0.05080332,0.8867631,-18.8811,-25.13244,-10.24511
28.64,0.1847278,0.5842639,-0.828185100000001,0.4481063,0.05173511,0.8911356,-18.8811,-25.13244,-10.24511
28.65,0.1847278,0.5260119,-0.889547900000002,0.4529914,0.0537452,0.8930244,-18.89379,-24.38665,-11.08259
28.66,0.5563561,0.759019800000003,-0.828185100000001,0.449406,0.05995914,0.8844562,-18.89379,-24.38665,-11.08259
28.67,1.113798,0.9920276,-1.073637,0.4376594,0.05931841,0.8826399,-18.89379,-24.38665,-11.08259
28.68,1.485427,1.108532,-0.950910899999997,0.4450841,0.06287184,0.8955593,-18.89379,-24.38665,-11.08259
28.69,1.237675,1.341539,-1.012274,0.4425877,0.06720462,0.8956112,-18.89379,-24.38665,-11.08259
28.7,0.742170199999999,1.399791,-1.012274,0.4451139,0.05996054,0.8950593,-18.8811,-25.13244,-10.24511
28.71,0.680232200000002,1.924059,-1.135,0.4451442,0.05412264,0.8911789,-18.8811,-25.13244,-10.24511
28.72,0.5563561,2.040563,-1.012274,0.448158,0.05029857,0.8944867,-18.8811,-25.13244,-10.24511
28.73,0.3705419,2.448327,-0.5213705,0.4418513,0.04780585,0.896449,-18.8811,-25.13244,-10.24511
28.74,0.3705419,2.506578,-0.214556,0.4394871,0.04147572,0.8969089,-18.8811,-25.13244,-10.24511
28.75,0.680232200000002,2.623082,0.1536215,0.4366145,0.03512934,0.8954527,-19.26182,-24.7597,-10.69403
28.76,1.175737,2.564831,0.460436,0.4281809,0.04325484,0.893184,-19.26182,-24.7597,-10.69403
28.77,1.918993,2.215319,0.6445247,0.4144615,0.04941005,0.8976734,-19.26182,-24.7597,-10.69403
28.78,NaN,NaN,NaN,NaN,NaN,NaN,NaN,NaN,NaN
28.79,2.104807,1.749303,0.705887599999999,0.4094433,0.0585502,0.8958601,-19.26182,-24.7597,-10.69403
28.8,2.414498,0.700767799999999,0.767250500000003,0.4005026,0.06861135,0.8940891,-19.26182,-24.7597,-10.69403
28.81,2.228683,-0.4642715,0.583161800000002,0.4005342,0.07009121,0.8989003,-18.5036,-25.50883,-10.69561
28.82,1.609303,-1.571059,0.951339199999998,0.4112638,0.07069941,0.8968844,-18.5036,-25.50883,-10.69561
28.83,0.804108299999999,-2.270082,0.828613499999998,0.4240727,0.06261581,0.8967121,-18.5036,-25.50883,-10.69561
28.84,0.5563561,-2.328334,0.951339199999998,0.4260384,0.05971861,0.8942739,-18.5036,-25.50883,-10.69561
28.85,0.43248,-2.153579,0.767250500000003,0.436561,0.04290641,0.8993463,-18.5036,-25.50883,-10.69561
28.86,0.494418,-1.862319,0.828613499999998,0.4432983,0.04781387,0.8945151,-18.87487,-25.50546,-9.858486
28.87,0.5563561,-1.221547,1.012702,0.4525662,0.0484064,0.8929928,-18.87487,-25.50546,-9.858486
28.88,0.494088,-0.929538000000003,1.134792,0.4495823,0.05468501,0.8954631,-18.87487,-25.50546,-9.858486
28.89,0.617226700000001,-0.4625744,1.133424,0.4514923,0.05810031,0.8949879,-18.87487,-25.50546,-9.858486
28.9,0.5544745,-0.3454346,0.9479697,0.4534019,0.05907635,0.8916157,-18.87487,-25.50546,-9.858486
28.91,0.739553300000001,-0.3451653,1.130656,0.4523356,0.06194494,0.886363,-18.88595,-24.75784,-10.24626
28.92,0.862597799999998,-0.2283376,1.006606,0.4497479,0.07062046,0.8826034,-18.88595,-24.75784,-10.24626
28.93,0.737716000000001,0.00490213,0.821388000000001,0.4415481,0.06618467,0.8884116,-18.88595,-24.75784,-10.24626
28.94,0.798630199999999,-0.1114799,0.3910087,0.4375704,0.07049158,0.8870366,-18.88595,-24.75784,-10.24626
28.95,0.5499722,-0.2859494,0.3904212,0.4394755,0.07390433,0.8860813,-18.88595,-24.75784,-10.24626
28.96,0.6112778,-0.2854805,0.2671665,0.4400155,0.07540045,0.8928086,-19.24566,-25.88166,-10.24085
28.97,0.3629523,-0.1685814,-0.1625167,0.4438993,0.0768983,0.8918223,-19.24566,-25.88166,-10.24085
28.98,0.1767796,-0.1100627,-0.101046,0.4472635,0.08178874,0.8918238,-19.24566,-25.88166,-10.24085
28.99,-0.318694,0.2974916,-0.1621857,0.454185,0.07167018,0.8873709,-19.24566,-25.88166,-10.24085
29,-0.5040106,0.588268,-0.1619241,0.4537608,0.06584404,0.8868559,-19.24566,-25.88166,-10.24085
29.01,-0.5651988,0.820299099999999,-0.1617593,0.4488637,0.06773013,0.8883542,-18.87301,-25.88346,-10.69251
29.02,-0.688090400000001,1.168432,-0.2841348,0.4576222,0.06879374,0.8853993,-18.87301,-25.88346,-10.69251
29.03,-0.5014899,1.39999,-0.1611677,0.4488984,0.06482138,0.8883346,-18.87301,-25.88346,-10.69251
29.04,-0.5009378,1.107027,-0.2223282,0.4411451,0.06475988,0.895128,-18.87301,-25.88346,-10.69251
29.05,-0.5002697,1.047403,-0.2220875,0.442097,0.06817322,0.8965825,-18.87301,-25.88346,-10.69251
29.06,NaN,NaN,NaN,NaN,NaN,NaN,NaN,NaN,NaN
29.07,-0.4996607,1.046087,-0.1604071,0.4386625,0.06958764,0.8971038,-18.88271,-25.13427,-10.69482
29.08,-0.684691700000002,1.219419,-0.22153,0.4332609,0.06658151,0.8913718,-18.88271,-25.13427,-10.69482
29.09,-0.869568000000003,1.043315,-0.1598503,0.4309537,0.06125665,0.89856,-18.88271,-25.13427,-10.69482
29.1,-0.868553599999999,1.274976,-0.2209931,0.4256203,0.05584693,0.8966527,-18.88271,-25.13427,-10.69482
29.11,-0.867404300000003,0.632840500000001,-0.2820785,0.428562,0.05393655,0.8951723,-18.88271,-25.13427,-10.69482
29.12,-0.928097199999999,0.4573629,-0.03636891,0.4324809,0.05496491,0.8970636,-19.24566,-25.88166,-10.24085
29.13,-0.988850100000001,-0.1836173,-0.03626543,0.4265718,0.05682102,0.8952099,-19.24566,-25.88166,-10.24085
29.14,-0.987666399999999,-0.4162664,0.1477146,0.4304654,0.05295813,0.8889061,-19.24566,-25.88166,-10.24085
29.15,-0.676988499999998,-0.765072299999999,0.208892,0.4315135,0.05203127,0.8946522,-19.24566,-25.88166,-10.24085
29.16,-0.490538,-0.764129699999999,0.147286,0.436955,0.0492046,0.897464,-19.24566,-25.88166,-10.24085
29.17,-0.3660847,-0.704844799999998,0.0856995599999999,0.4472172,0.04347639,0.8901286,-19.26021,-24.75787,-10.24432
29.18,-0.1797912,-0.4126814,-0.03721097,0.4516406,0.04403112,0.8929722,-19.26021,-24.75787,-10.24432
29.19,0.00619035599999999,-0.004454199,-0.03727985,0.4515947,0.04498288,0.8896179,-19.26021,-24.75787,-10.24432
29.2,0.1919189,0.34499,-0.0985381200000003,0.451084,0.04886788,0.8920493,-19.26021,-24.75787,-10.24432
29.21,0.315515,0.4610972,-0.03703218,0.4506989,0.04306213,0.8953753,-19.26021,-24.75787,-10.24432
29.22,0.4390338,0.693416100000003,-0.1596537,0.4511856,0.04160363,0.8934405,-18.87786,-25.50886,-10.69367
29.23,0.995691299999999,1.041892,-0.2208738,0.4452386,0.04539127,0.8901596,-18.87786,-25.50886,-10.69367
29.24,0.9943823,0.865864200000001,-0.4659709,0.4451496,0.05119859,0.8882785,-18.87786,-25.50886,-10.69367
29.25,1.054935,0.748272799999999,-0.2814704,0.4450676,0.05847303,0.8888078,-18.87786,-25.50886,-10.69367
29.26,0.805838499999999,0.921979,-0.2197154,0.4450805,0.0648212,0.8974929,-18.87786,-25.50886,-10.69367
29.27,0.7428689,0.979054699999998,-0.2194009,0.4483753,0.06479747,0.8849781,-18.88271,-25.13427,-10.69482
29.28,0.8037961,1.443456,-0.1577046,0.4414572,0.07296667,0.8874973,-18.88271,-25.13427,-10.69482
29.29,0.864763399999998,1.499676,-0.2800589,0.4341158,0.0748224,0.889018,-18.88271,-25.13427,-10.69482
29.3,0.5540074,1.438996,-0.4022101,0.422274,0.08340037,0.8887045,-18.88271,-25.13427,-10.69482
29.31,0.1818972,1.320667,-0.4017242,0.4208323,0.08046831,0.887738,-18.88271,-25.13427,-10.69482
29.32,0.181766,1.027821,-0.4011426,0.4194401,0.07463513,0.8881922,-18.86816,-26.25805,-10.69136
29.33,NaN,NaN,NaN,NaN,NaN,NaN,NaN,NaN,NaN
29.34,0.3672935,0.5606976,-0.4006387,0.4166311,0.06832185,0.8929777,-18.86816,-26.25805,-10.69136
29.35,0.3667738,-0.02223358,-0.0934559099999998,0.4269899,0.06069269,0.8928311,-18.86816,-26.25805,-10.69136
29.36,0.614045899999997,-0.2550671,-0.1547014,0.4285153,0.05537564,0.8923014,-18.86816,-26.25805,-10.69136
29.37,0.4894568,-0.662345800000002,-0.1545842,0.4245211,0.06064959,0.8904529,-18.86816,-26.25805,-10.69136
29.38,0.3030668,-0.836141700000002,-0.0930849299999997,0.4255745,0.05679868,0.8932983,-18.88409,-25.13584,-11.08029
29.39,0.2407481,-0.893178799999998,-0.0929872799999998,0.4259712,0.06163485,0.8899658,-18.88409,-25.13584,-11.08029
29.4,0.5499803,-1.124973,0.02973972,0.4290415,0.05637678,0.8971047,-18.88409,-25.13584,-11.08029
29.41,0.5491339,-1.356605,0.1523318,0.4275344,0.05975212,0.8971412,-18.88409,-25.13584,-11.08029
29.42,0.4864283,-1.47146,0.3361329,0.4226418,0.0592015,0.8962225,-18.88409,-25.13584,-11.08029
29.43,0.4238793,-1.760706,0.4583786,0.4285638,0.05832771,0.9004833,-18.13259,-25.13238,-10.249
29.44,0.4233858,-1.991448,0.580451599999999,0.4304948,0.05297342,0.8917869,-18.13259,-25.13238,-10.249
29.45,0.546769,-1.988892,0.763618499999999,0.4355183,0.04627508,0.8969775,-18.13259,-25.13238,-10.249
29.46,0.7318575,-2.044627,1.069262,0.4355477,0.04092452,0.8935806,-18.13259,-25.13238,-10.249
29.47,1.288011,-1.86745,0.945250900000002,0.438504,0.03902178,0.8935406,-18.13259,-25.13238,-10.249
29.48,1.657769,-1.515739,1.005426,0.447406,0.0313795,0.8943676,-19.24566,-25.88166,-10.24085
29.49,2.150996,-1.514127,1.065449,0.4497061,0.04060309,0.8910466,-19.24566,-25.88166,-10.24085
29.5,2.395852,-1.104718,1.248084,0.4462573,0.04444911,0.8930248,-19.24566,-25.88166,-10.24085
29.51,2.640459,-1.103221,1.062524,0.4402435,0.05795809,0.8946109,-19.24566,-25.88166,-10.24085
29.52,2.760902,-1.276499,0.815873,0.4410543,0.07154188,0.8942137,-19.24566,-25.88166,-10.24085
29.53,3.12877,-1.333111,0.692141699999998,0.4447479,0.08318473,0.8865746,-19.24566,-25.88166,-10.24085
29.54,3.062902,-1.506083,0.5074341,0.4421082,0.09622339,0.8828446,-19.24566,-25.88166,-10.24085
29.55,2.440064,-1.620622,0.5067583,0.4453303,0.1064058,0.8752002,-19.24566,-25.88166,-10.24085
29.56,1.755992,-1.560426,0.567581,0.4443592,0.1107873,0.8810002,-19.24566,-25.88166,-10.24085
29.57,0.763244300000003,-1.674988,0.5055823,0.4458431,0.114717,0.8872547,-19.24566,-25.88166,-10.24085
29.58,-0.1662793,-1.265304,0.3208971,0.4503083,0.1084643,0.8862114,-18.88409,-25.13584,-11.08029
29.59,-1.156249,-0.797448199999997,-0.1090506,0.4562638,0.1027298,0.8880388,-18.88409,-25.13584,-11.08029
29.6,-1.835687,-0.5635302,0.01361943,0.4578635,0.09159781,0.8879498,-18.88409,-25.13584,-11.08029
29.61,NaN,NaN,NaN,NaN,NaN,NaN,NaN,NaN,NaN
29.62,-1.895203,0.4852555,-0.3544209,0.4565488,0.07556105,0.8840139,-18.88409,-25.13584,-11.08029
29.63,-1.70695,0.892135300000002,-0.1700798,0.4551316,0.07800756,0.8917259,-18.87972,-25.13087,-9.859639
29.64,-1.828526,1.065606,-0.2312098,0.449775,0.07453702,0.8898316,-18.87972,-25.13087,-9.859639
29.65,-2.259504,1.297074,-0.5375605,0.444406,0.07252342,0.8884274,-18.87972,-25.13087,-9.859639
29.66,-2.318585,1.179032,-0.721012499999999,0.4453797,0.07204567,0.8874549,-18.87972,-25.13087,-9.859639
29.67,-2.191758,1.235749,-0.720261099999998,0.4489549,0.06338738,0.8921657,-18.87972,-25.13087,-9.859639
29.68,-2.127144,1.175963,-0.658089899999998,0.4344048,0.05350935,0.8922345,-18.87301,-25.88346,-10.69251
29.69,-1.753039,1.116252,-0.595996700000001,0.4272085,0.0456845,0.8965703,-18.87301,-25.88346,-10.69251
29.7,-1.688841,0.7073058,-0.472638,0.4213586,0.03927875,0.8908198,-18.87301,-25.88346,-10.69251
29.71,-1.253289,0.0659751700000002,-0.3492799,0.4264811,0.02141233,0.8925741,-18.87301,-25.88346,-10.69251
29.72,-0.632626200000003,-0.3416885,-0.1647139,0.4333991,0.01860897,0.8963327,-18.87301,-25.88346,-10.69251
29.73,-0.1985571,-0.515942,-0.2257543,0.4345117,0.01186204,0.9015592,-19.25212,-25.50889,-10.69172
29.74,0.04936666,-0.39879,0.01988449,0.4428371,0.01197292,0.9029235,-19.25212,-25.50889,-10.69172
29.75,0.1112038,-0.04894198,-0.1641521,0.444167,0.01435905,0.8923635,-19.25212,-25.50889,-10.69172
29.76,0.792032500000001,0.4751127,-0.164023,0.4541785,0.03045161,0.8861361,-19.25212,-25.50889,-10.69172
29.77,1.162452,0.940293800000003,-0.1638556,0.4587937,0.05671154,0.8901097,-19.25212,-25.50889,-10.69172
29.78,1.160914,1.288496,-0.2863949,0.4503057,0.07310145,0.8922179,-19.25835,-25.13587,-11.07834
29.79,1.407014,1.228644,-0.1634057,0.4359244,0.08550194,0.8871518,-19.25835,-25.13587,-11.07834
29.8,1.095828,0.644892600000001,-0.1018375,0.4338905,0.09080273,0.8857654,-19.25835,-25.13587,-11.07834
29.81,1.094491,0.0618556800000002,0.2049315,0.4387538,0.09133805,0.8838034,-19.25835,-25.13587,-11.07834
29.82,0.9074576,0.0617779899999999,0.1432341,0.4403036,0.08603375,0.8856744,-19.25835,-25.13587,-11.07834
29.83,1.030194,0.5274051,0.0817105200000002,0.4422328,0.09238581,0.8905005,-18.87786,-25.50886,-10.69367
29.84,0.595489300000002,0.701278999999999,-0.1024808,0.4340909,0.07773624,0.889998,-18.87786,-25.50886,-10.69367
29.85,0.4090828,0.933314499999999,-0.28646,0.4297788,0.07528821,0.8957835,-18.87786,-25.50886,-10.69367
29.86,0.03723244,0.873963500000002,-0.4699576,0.4270032,0.06411427,0.8981355,-18.87786,-25.50886,-10.69367
29.87,-0.2105587,0.4651754,-0.1625403,0.4389029,0.05605421,0.904694,-18.87786,-25.50886,-10.69367
29.88,NaN,NaN,NaN,NaN,NaN,NaN,NaN,NaN,NaN
29.89,-0.3960111,0.755759399999998,-0.0395718,0.4388148,0.0506425,0.8897738,-18.5133,-24.75964,-10.69792
29.9,-0.2717544,0.580164000000001,0.1445473,0.4374533,0.04677652,0.8955226,-18.5133,-24.75964,-10.69792
29.91,-0.0856377899999997,0.637577499999997,0.2670916,0.4409207,0.04342802,0.8959484,-18.5133,-24.75964,-10.69792
29.92,0.2241795,0.6368133,0.4506714,0.4378313,0.05111515,0.889786,-18.5133,-24.75964,-10.69792
29.93,0.4717084,0.1703087,0.4499704,0.4366924,0.06418986,0.8894035,-18.5133,-24.75964,-10.69792
29.94,0.718887600000001,-0.2957745,0.5719961,0.4409613,0.07149348,0.8850912,-18.8811,-25.13244,-10.24511
29.95,0.903876600000001,-0.4700674,0.5099726,0.4403374,0.08361232,0.8861381,-18.8811,-25.13244,-10.24511
29.96,1.026617,-0.3531194,0.4480269,0.4323843,0.09369072,0.8853185,-18.8811,-25.13244,-10.24511
29.97,0.5300764,-0.643825900000002,0.3247769,0.4376041,0.104895,0.882944,-18.8811,-25.13244,-10.24511
29.98,-0.0897364799999999,-0.6429257,0.3243883,0.4425128,0.1074052,0.8877169,-18.8811,-25.13244,-10.24511
29.99,-0.399139,-0.4674539,0.3239616,0.445653,0.09876885,0.8977137,-18.8811,-25.13244,-10.24511
30,-0.770129700000001,-0.175735,0.0782572099999999,0.4422996,0.08803032,0.8919113,-18.8811,-25.13244,-10.24511
30.01,-0.954840400000002,0.1738328,0.1394833,0.4424741,0.07299919,0.8913293,-18.8811,-25.13244,-10.24511
30.02,-1.201121,0.581304999999998,0.01662081,0.4468205,0.07009923,0.882627,-18.8811,-25.13244,-10.24511
30.03,-1.509283,0.638808599999997,0.01659994,0.4392173,0.06035972,0.8927158,-18.8811,-25.13244,-10.24511
30.04,-1.38355,0.696166699999999,-0.04482236,0.4436727,0.05410187,0.8907123,-18.49715,-25.8816,-10.24475
30.05,-1.44375,0.578824899999999,0.01661611,0.4413887,0.04683784,0.8978873,-18.49715,-25.8816,-10.24475
30.06,-1.132402,0.6364048,0.139244,0.43511,0.03704265,0.8940389,-18.49715,-25.8816,-10.24475
30.07,-0.511794,0.5191564,0.3231192,0.4350166,0.03992083,0.888297,-18.49715,-25.8816,-10.24475
30.08,-0.07764318,0.2273359,0.2615047,0.4306444,0.04085615,0.892185,-18.49715,-25.8816,-10.24475
30.09,0.1081518,0.05249577,0.2611762,0.4376065,0.03270988,0.8939869,-18.88409,-25.13584,-11.08029
30.1,0.603189600000001,-0.2968807,0.2607711,0.4409773,0.04199402,0.8997796,-18.88409,-25.13584,-11.08029
30.11,0.850164699999998,-0.0635731400000001,0.383073,0.448227,0.04740764,0.8978279,-18.88409,-25.13584,-11.08029
30.12,1.034775,-0.1218367,0.1986573,0.4378981,0.04675966,0.8911968,-18.88409,-25.13584,-11.08029
30.13,0.971712100000001,0.2858056,0.01431902,0.440223,0.05843524,0.8931738,-18.88409,-25.13584,-11.08029
30.14,0.970549899999999,0.2272313,-0.04725456,0.4342062,0.06560114,0.8870351,-18.12774,-25.50698,-10.24785
30.15,0.907412299999998,0.1105334,0.0138979,0.4351274,0.07241312,0.8894728,-18.12774,-25.50698,-10.24785
30.16,NaN,NaN,NaN,NaN,NaN,NaN,NaN,NaN,NaN
30.17,0.844030399999997,0.1104331,0.3205942,0.4447532,0.08562653,0.8899519,-18.12774,-25.50698,-10.24785
30.18,0.719133000000001,0.110331,0.01364683,0.4383865,0.08115134,0.8837389,-18.12774,-25.50698,-10.24785
30.19,0.3466015,-0.122541,0.136317,0.4413535,0.08413219,0.8904536,-18.12774,-25.50698,-10.24785
30.2,-0.0253649,-0.0642082999999997,0.1361843,0.4433401,0.08319709,0.8923497,-18.87786,-25.50886,-10.69367
30.21,-0.0872710900000001,-0.00585739600000001,0.3815035,0.4448169,0.0802938,0.8899158,-18.87786,-25.50886,-10.69367
30.22,-0.0871225599999999,0.227048,0.1358039,0.4410129,0.07005693,0.8884423,-18.87786,-25.50886,-10.69367
30.23,0.03682403,0.3432485,-0.04841683,0.4429915,0.0735079,0.8946891,-18.87786,-25.50886,-10.69367
30.24,0.0986379899999999,0.5173903,-0.232464,0.4376309,0.06954747,0.8918313,-18.87786,-25.50886,-10.69367
30.25,0.0986502500000002,0.8080185,-0.2934771,0.4406295,0.06864235,0.8970793,-18.5036,-25.50883,-10.69561
30.26,-0.3346898,0.690554599999998,-0.1704598,0.4386238,0.06664067,0.8898821,-18.5036,-25.50883,-10.69561
30.27,-0.3960519,0.748012399999998,-0.354238,0.4352111,0.06952985,0.8942544,-18.5036,-25.50883,-10.69561
30.28,-0.766852000000003,0.688765899999999,-0.1698007,0.4356176,0.07437111,0.8918821,-18.5036,-25.50883,-10.69561
30.29,-1.013505,0.6296854,-0.1694718,0.4312374,0.06896081,0.8875651,-18.5036,-25.50883,-10.69561
30.3,-1.012154,0.5125004,-0.291927,0.4328073,0.06610593,0.8942538,-18.5036,-25.50883,-10.69561
30.31,-0.763247200000002,0.3372105,-0.169085,0.4269511,0.06311157,0.8918872,-18.5036,-25.50883,-10.69561
30.32,-0.700311500000002,-0.1291006,-0.1688534,0.4275571,0.05537369,0.8942309,-18.5036,-25.50883,-10.69561
30.33,-0.4517187,-0.2455339,-0.1073362,0.4275718,0.05001549,0.8893934,-18.5036,-25.50883,-10.69561
30.34,-0.1415583,-0.3616745,-0.1685643,0.4305183,0.0534735,0.894671,-18.5036,-25.50883,-10.69561
30.35,-0.0795008200000001,-0.7688925,-0.2297154,0.4261529,0.04807084,0.8917944,-18.8811,-25.13244,-10.24511
30.36,-0.1413001,-1.117219,-0.1680447,0.4320785,0.05061354,0.9003994,-18.8811,-25.13244,-10.24511
30.37,-0.3887386,-1.115907,-0.2904631,0.4305847,0.0520446,0.8994625,-18.8811,-25.13244,-10.24511
30.38,-0.388192,-1.347422,-0.167411,0.4398375,0.05555608,0.8998804,-18.8811,-25.13244,-10.24511
30.39,-0.573479699999999,-1.171083,-0.2898495,0.4373201,0.05792675,0.8955981,-18.8811,-25.13244,-10.24511
30.4,-0.1394264,-1.227773,-0.1668559,0.4392934,0.05893591,0.8984675,-19.25536,-25.13247,-10.24316
30.41,-0.2010337,-0.934989200000002,-0.1666849,0.4407346,0.05942873,0.8965368,-19.25536,-25.13247,-10.24316
30.42,-0.0769245899999997,-1.108315,-0.1665526,0.4367703,0.06179138,0.8941884,-19.25536,-25.13247,-10.24316
30.43,NaN,NaN,NaN,NaN,NaN,NaN,NaN,NaN,NaN
30.44,0.04708704,-1.165065,-0.04363689,0.4318705,0.06513949,0.897137,-19.25536,-25.13247,-10.24316
30.45,-0.1386649,-1.454258,-0.04341425,0.4381946,0.06617783,0.8951648,-18.88595,-24.75784,-10.24626
30.46,-0.200312,-1.685402,-0.1047034,0.435748,0.06468289,0.8932568,-18.88595,-24.75784,-10.24626
30.47,-0.633354400000002,-1.858023,-0.1659733,0.4321701,0.0748032,0.8899962,-18.88595,-24.75784,-10.24626
30.48,-0.694555300000002,-1.913868,-0.1657648,0.4410592,0.06617859,0.8884161,-18.88595,-24.75784,-10.24626
30.49,-0.817461699999998,-2.202523,-0.1042901,0.4459492,0.06282539,0.8845072,-18.88595,-24.75784,-10.24626
30.5,-0.6307959,-1.908661,0.0797947299999997,0.4563168,0.06105451,0.8920821,-18.50685,-25.13241,-10.24705
30.51,-0.3822709,-1.556972,-0.104452,0.4548476,0.05713246,0.8872679,-18.50685,-25.13241,-10.24705
30.52,-0.1341358,-1.089275,-0.1657608,0.4513267,0.06825802,0.8907357,-18.50685,-25.13241,-10.24705
30.53,-0.1960026,-1.146232,-0.2882784,0.4464273,0.06867954,0.8903037,-18.50685,-25.13241,-10.24705
30.54,-0.5054272,-1.028434,-0.4106229,0.4428473,0.07733528,0.8851128,-18.50685,-25.13241,-10.24705
30.55,-0.5047145,-0.852459800000002,-0.3487056,0.4492438,0.07889918,0.8908259,-19.25212,-25.50889,-10.69172
30.56,-0.875378199999998,-0.3854466,-0.5323564,0.4526143,0.07501239,0.8811657,-19.25212,-25.50889,-10.69172
30.57,-0.936255599999999,-0.1520827,-0.2864288,0.4545805,0.07455444,0.8816246,-19.25212,-25.50889,-10.69172
30.58,-1.182773,0.02277272,-0.2860113,0.4609477,0.0707372,0.8781792,-19.25212,-25.50889,-10.69172
30.59,-1.181152,0.4886135,-0.3469571,0.4590559,0.07074603,0.8844388,-19.25212,-25.50889,-10.69172
30.6,-1.303544,0.953740999999998,-0.4692279,0.455242,0.07123575,0.8945606,-19.24727,-25.88349,-10.69057
30.61,-1.425608,1.301835,-0.591441499999998,0.4542643,0.06585776,0.8882918,-19.24727,-25.88349,-10.69057
30.62,-1.795348,1.649602,-0.5294898,0.4509014,0.06291923,0.8907041,-19.24727,-25.88349,-10.69057
30.63,-1.42164,1.705691,-0.406176,0.4505159,0.05467423,0.8911329,-19.24727,-25.88349,-10.69057
30.64,-1.110359,2.05284,-0.5283146,0.4402743,0.05455944,0.8936277,-19.24727,-25.88349,-10.69057
30.65,-0.985185199999998,1.992028,-0.4050022,0.4407404,0.05894394,0.8965335,-19.25051,-25.50706,-10.24201
30.66,-1.231603,1.698486,-0.4657986,0.4441473,0.0619054,0.8984424,-19.25051,-25.50706,-10.24201
30.67,-1.663427,1.754586,-0.2198968,0.443609,0.06480043,0.8970261,-19.25051,-25.50706,-10.24201
30.68,-1.785234,1.868886,-0.2195821,0.4391001,0.07346951,0.8966454,-19.25051,-25.50706,-10.24201
30.69,-1.597138,1.691874,-0.5260051,0.4297868,0.07090214,0.8914327,-19.25051,-25.50706,-10.24201
30.7,NaN,NaN,NaN,NaN,NaN,NaN,NaN,NaN,NaN
30.71,-1.842807,1.631461,-0.586784500000002,0.4268812,0.06648983,0.8890294,-19.62638,-25.50892,-10.68977
30.72,-1.840434,1.512999,-0.3408078,0.4289387,0.06168912,0.8932998,-19.62638,-25.50892,-10.68977
30.73,-2.023858,1.394558,-0.0950822799999998,0.4226524,0.0640851,0.9029772,-19.62638,-25.50892,-10.68977
30.74,-2.268375,0.926646200000001,0.0891171699999997,0.4285246,0.05830733,0.8966423,-19.62638,-25.50892,-10.68977
30.75,-2.01789,0.6342407,0.2730747,0.425107,0.05582812,0.8942565,-19.62638,-25.50892,-10.68977
30.76,-2.139115,-0.007089654,0.272751,0.4335571,0.04673558,0.8969988,-18.50845,-25.13424,-10.69677
30.77,-1.950692,-0.2400886,0.3951342,0.434017,0.04379977,0.8907329,-18.50845,-25.13424,-10.69677
30.78,-1.700645,-0.2397321,0.3333713,0.4335766,0.04674577,0.8989193,-18.50845,-25.13424,-10.69677
30.79,-1.574769,-0.4140772,0.1489603,0.433509,0.04622276,0.8917141,-18.50845,-25.13424,-10.69677
30.8,-1.325156,-0.4717724,0.3941477,0.4424412,0.04347426,0.9012163,-18.50845,-25.13424,-10.69677
30.81,-1.013918,-0.121851,0.2710039,0.4374399,0.04872078,0.8964959,-18.50685,-25.13241,-10.24705
30.82,-0.703051400000002,-0.121698,0.3321806,0.4311337,0.04866732,0.9013555,-18.50685,-25.13241,-10.24705
30.83,-0.640288600000002,-0.005004624,-0.1588508,0.4316257,0.04428478,0.8965201,-18.50685,-25.13241,-10.24705
30.84,-0.2680506,-0.2378232,0.0253796,0.4340335,0.04283274,0.8912064,-18.50685,-25.13241,-10.24705
30.85,-0.0819581400000003,-0.3539552,0.2094942,0.4394591,0.04341235,0.8964419,-18.50685,-25.13241,-10.24705
30.86,-0.3914482,-0.4699597,0.1478297,0.4334627,0.04473526,0.8854625,-18.50845,-25.13424,-10.69677
30.87,-0.2671193,-0.4693328,0.2704469,0.4383767,0.04968723,0.8936128,-18.50845,-25.13424,-10.69677
30.88,0.04280916,-0.585100799999998,0.1475548,0.4388838,0.04775158,0.893115,-18.50845,-25.13424,-10.69677
30.89,0.1665537,-0.584311099999998,-0.03662286,0.4309894,0.0524947,0.8917792,-18.50845,-25.13424,-10.69677
30.9,0.4138827,-0.9329425,-0.1593219,0.4352894,0.05883892,0.8893808,-18.50845,-25.13424,-10.69677
30.91,0.661017800000002,-0.757106299999997,-0.2204462,0.4260625,0.0572921,0.8937773,-18.87786,-25.50886,-10.69367
30.92,0.722183900000001,-0.930746600000003,-0.2814744,0.4305166,0.05444818,0.8956378,-18.87786,-25.50886,-10.69367
30.93,0.4736413,-1.278888,-0.3424259,0.4387823,0.05501583,0.8917239,-18.87786,-25.50886,-10.69367
30.94,0.782697699999999,-1.218993,-0.158042,0.4397146,0.05841897,0.8912578,-18.87786,-25.50886,-10.69367
30.95,0.719776599999999,-1.3922,-0.1578242,0.4401973,0.05647059,0.8883594,-18.87786,-25.50886,-10.69367
30.96,0.6568372,-1.332053,-0.2190467,0.4397297,0.06086587,0.8955954,-19.26182,-24.7597,-10.69403
30.97,0.594093600000001,-1.737942,-0.0961035900000002,0.4411785,0.05989922,0.8926945,-19.26182,-24.7597,-10.69403
30.98,NaN,NaN,NaN,NaN,NaN,NaN,NaN,NaN,NaN
30.99,0.4695685,-1.386467,-0.2186894,0.4441001,0.06090523,0.8926743,-19.26182,-24.7597,-10.69403
31,0.03570417,-1.55939,-0.03442238,0.4524865,0.05714542,0.8954526,-19.26182,-24.7597,-10.69403
31.01,0.1594965,-1.208267,-0.03449479,0.4436041,0.05943205,0.8902683,-19.26182,-24.7597,-10.69403
31.02,0.282811,-0.915293400000002,-0.1571086,0.440654,0.06328924,0.8932021,-19.25835,-25.13587,-11.07834
31.03,0.3442188,-0.9723591,-0.0956061700000002,0.4411215,0.06962565,0.8985218,-19.25835,-25.13587,-11.07834
31.04,0.4057439,-0.971137800000001,-0.1568105,0.437675,0.0695704,0.8961525,-19.25835,-25.13587,-11.07834
31.05,0.2813971,-0.853432400000003,-0.1566135,0.4401099,0.07203492,0.8980671,-19.25835,-25.13587,-11.07834
31.06,-0.1523282,-1.085277,-0.2177026,0.4430262,0.07059915,0.8946694,-19.25835,-25.13587,-11.07834
31.07,-0.585547599999997,-1.025771,-0.2174099,0.4430049,0.06619779,0.8874379,-18.50547,-25.13084,-9.861586
31.08,-0.770509499999997,-1.024538,-0.2171561,0.4552144,0.06487993,0.8844352,-18.50547,-25.13084,-9.861586
31.09,-0.893281699999998,-1.023214,-0.03287171,0.4504683,0.05660066,0.8887454,-18.50547,-25.13084,-9.861586
31.1,-0.768322400000001,-0.788976299999998,0.02849397,0.4520039,0.05372796,0.8920732,-18.50547,-25.13084,-9.861586
31.11,-0.643461799999997,-0.3220977,0.1511262,0.4486219,0.05321849,0.8954622,-18.50547,-25.13084,-9.861586
31.12,-0.2092234,-0.0886670399999998,-0.03295962,0.4491246,0.04835371,0.8911037,-18.88271,-25.13427,-10.69482
31.13,-0.0851039999999997,0.1443607,-0.2782542,0.4429443,0.04104873,0.8997551,-18.88271,-25.13427,-10.69482
31.14,-0.08497765,0.3189535,-0.4620705,0.44478,0.04491314,0.8925614,-18.88271,-25.13427,-10.69482
31.15,0.1009043,0.376878,-0.0935824799999998,0.4340864,0.0433481,0.8969713,-18.88271,-25.13427,-10.69482
31.16,0.3484519,0.02707586,-0.0933300499999998,0.4341924,0.03901299,0.9022232,-18.88271,-25.13427,-10.69482
31.17,0.781347199999998,-0.3223601,0.02966717,0.4268328,0.03207875,0.8916816,-18.88756,-24.75967,-10.69597
31.18,1.213796,-0.729499399999999,-0.03159809,0.4274116,0.02579016,0.8930748,-18.88756,-24.75967,-10.69597
31.19,1.398066,-1.01966,0.2138161,0.4362441,0.02396539,0.8939413,-18.88756,-24.75967,-10.69597
31.2,1.829779,-0.959980899999998,0.213509,0.4416439,0.02258036,0.8943623,-18.88756,-24.75967,-10.69597
31.21,1.8275,-0.900413399999999,0.274546,0.4516446,0.03915517,0.8876579,-18.88756,-24.75967,-10.69597
31.22,2.258577,-0.899410500000002,0.51946,0.453463,0.04983981,0.886752,-18.5036,-25.50883,-10.69561
31.23,2.255798,-0.665401000000001,0.3347959,0.4547608,0.06440435,0.8873172,-18.5036,-25.50883,-10.69561
31.24,2.253043,-0.4899192,0.3956613,0.4555719,0.0804274,0.8898172,-18.5036,-25.50883,-10.69561
31.25,2.002597,-0.02363572,0.4565272,0.4545826,0.08675069,0.8961106,-18.5036,-25.50883,-10.69561
31.26,NaN,NaN,NaN,NaN,NaN,NaN,NaN,NaN,NaN
31.27,1.752388,0.0927515300000002,0.5173552,0.450064,0.09004882,0.8884918,-18.5036,-25.50883,-10.69561
31.28,1.378597,0.0925069900000001,0.3940952,0.4412105,0.09527733,0.8895688,-18.87625,-25.50703,-10.24395
31.29,1.005509,0.0923725199999999,0.2708744,0.4406179,0.1010709,0.8862518,-18.87625,-25.50703,-10.24395
31.3,0.5090339,0.09218334,0.0865225599999997,0.4367591,0.09665922,0.8862581,-18.87625,-25.50703,-10.24395
31.31,-0.1727336,0.0920020300000001,0.0862325900000002,0.4398272,0.08457074,0.8851889,-18.87625,-25.50703,-10.24395
31.32,-0.6058301,-0.1992819,0.02479991,0.4467662,0.07836364,0.887004,-18.87625,-25.50703,-10.24395
31.33,-0.976425100000001,-0.02445862,0.02482658,0.444963,0.0701259,0.8922476,-18.87625,-25.50703,-10.24395
31.34,-0.975198699999999,0.2667221,-0.159197,0.452373,0.05757415,0.884893,-18.87625,-25.50703,-10.24395
31.35,-0.973837700000001,0.3828727,-0.1590741,0.4515199,0.05372443,0.8925578,-18.87625,-25.50703,-10.24395
31.36,-0.786936500000002,0.673669899999997,0.02519513,0.4505858,0.05129596,0.8939908,-18.87625,-25.50703,-10.24395
31.37,-0.786006400000002,0.789455800000003,0.1480435,0.4521116,0.04841817,0.8963583,-18.87625,-25.50703,-10.24395
31.38,-0.599438400000001,0.5556027,0.2093553,0.4495333,0.05465953,0.8906618,-18.87924,-25.51043,-11.07913
31.39,-0.4748483,0.729477800000001,0.0864436300000003,0.4450676,0.05847303,0.8888078,-18.87924,-25.51043,-11.07913
31.4,-0.2885739,0.670364400000001,-0.03627513,0.4489256,0.05800625,0.8830071,-18.87924,-25.51043,-11.07913
31.41,0.02142042,0.786026400000002,-0.2202412,0.447369,0.06964853,0.8879007,-18.87924,-25.51043,-11.07913
31.42,-0.04046675,0.959740099999998,-0.2199838,0.4468298,0.07303092,0.8869679,-18.87924,-25.51043,-11.07913
31.43,-0.04043537,1.075039,-0.5264065,0.4463339,0.07155773,0.8845619,-18.49875,-25.88343,-10.69446
